fdc_id,description,category,ingredients,Ash (G),"Calcium, Ca (G)","Carbohydrate, by difference (G)","Copper, Cu (G)",Energy (Atwater General Factors) (KCAL),Energy (Atwater Specific Factors) (KCAL),"Fiber, total dietary (G)","Iron, Fe (G)","Magnesium, Mg (G)","Manganese, Mn (G)",Niacin (G),Nitrogen (G),"Phosphorus, P (G)","Potassium, K (G)",Protein (G),"Sodium, Na (G)",Thiamin (G),Total lipid (fat) (G),Vitamin B-6 (G),Water (G),"Zinc, Zn (G)"
2262074,"Almond butter, creamy",Nut and Seed Products,[],3.1850,0.2638,21.2367,0.0010,645.4560,602.5101,9.7180,0.0041,0.2678,0.0021,0.0039,4.0130,0.5069,0.7454,20.7873,0.0010,0.0001,53.0400,0.0001,1.7510,0.0032
2257045,"Almond milk, unsweetened, plain, refrigerated",Beverages,[],0.5950,0.1575,0.6707,0.0000,19.3300,-1.0000,0.0000,0.0001,0.0082,0.0001,0.0001,0.1050,0.0191,0.0493,0.6562,0.0592,0.0000,1.5580,0.0000,96.5200,0.0001
1750338,"Almond milk, unsweetened, plain, shelf stable",Beverages,[],0.4872,0.1727,0.3371,0.0000,14.5562,14.5562,0.0000,0.0003,0.0068,0.0000,0.0001,0.0887,0.0299,0.0308,0.5547,0.0596,0.0000,1.2210,0.0000,97.4000,0.0002
1999631,"Almond milk, unsweetened, plain, shelf stable",Beverages,[],0.4872,0.1727,0.3371,0.0000,14.5562,14.5562,0.0000,0.0003,0.0068,0.0000,0.0001,0.0887,0.0299,0.0308,0.5547,0.0596,0.0000,1.2210,0.0000,97.4000,0.0002
2003590,"Apple juice, with added vitamin C, from concentrate, shelf stable",Fruits and Fruit Juices,[],0.1238,0.0071,11.3640,0.0000,48.3763,47.2318,-1.0000,0.0000,0.0049,0.0000,0.0000,0.0138,0.0060,0.0959,0.0859,0.0049,0.0000,0.2863,0.0000,88.1400,0.0000
1105897,"Apples, fuji, with skin, raw",Fruits and Fruit Juices,[],0.4300,0.0060,15.7000,0.0000,65.0000,58.0000,2.1000,0.0000,0.0047,0.0000,0.0001,0.0200,0.0100,0.1040,0.1500,0.0010,0.0000,0.1600,0.0000,83.6000,0.0000
1750340,"Apples, fuji, with skin, raw",Fruits and Fruit Juices,[],0.4279,0.0060,15.6512,0.0000,64.6609,58.2031,2.0750,0.0000,0.0047,0.0000,0.0001,0.0238,0.0098,0.1038,0.1484,0.0010,0.0000,0.1625,0.0000,83.6100,0.0000
1105781,"Apples, gala, with skin, raw",Fruits and Fruit Juices,[],0.3000,0.0070,14.8000,0.0000,61.0000,55.0000,2.1000,0.0001,0.0050,0.0000,0.0001,0.0200,0.0080,0.1060,0.1300,0.0000,0.0000,0.1500,0.0000,84.6000,0.0000
1750341,"Apples, gala, with skin, raw",Fruits and Fruit Juices,[],0.2991,0.0066,14.7681,0.0000,60.9536,54.8669,2.1090,0.0001,0.0049,0.0000,0.0001,0.0213,0.0084,0.1059,0.1328,0.0003,0.0000,0.1500,0.0000,84.6500,0.0000
1105664,"Apples, granny smith, with skin, raw",Fruits and Fruit Juices,[],0.3100,0.0050,14.2000,0.0000,59.0000,53.0000,2.5000,0.0001,0.0051,0.0000,0.0001,0.0400,0.0100,0.1160,0.2700,0.0000,0.0000,0.1400,0.0000,85.1000,0.0000
1750342,"Apples, granny smith, with skin, raw",Fruits and Fruit Juices,[],0.3139,0.0055,14.1430,0.0000,58.8719,52.9581,2.5140,0.0001,0.0051,0.0000,0.0001,0.0425,0.0099,0.1159,0.2656,0.0000,0.0000,0.1375,0.0000,85.1400,0.0000
1105547,"Apples, honeycrisp, with skin, raw",Fruits and Fruit Juices,[],0.0900,0.0040,14.7000,0.0000,60.0000,54.0000,1.7000,0.0000,0.0042,0.0000,0.0001,0.0200,0.0080,0.0980,0.1000,0.0000,0.0000,0.1000,0.0000,85.0000,0.0000
1750343,"Apples, honeycrisp, with skin, raw",Fruits and Fruit Juices,[],0.0865,0.0039,14.6819,0.0000,60.0340,54.0332,1.7210,0.0000,0.0042,0.0000,0.0001,0.0163,0.0079,0.0980,0.1016,0.0001,0.0000,0.1000,0.0000,85.0300,0.0000
1750339,"Apples, red delicious, with skin, raw",Fruits and Fruit Juices,[],0.1483,0.0047,14.7817,0.0000,61.7893,55.6227,2.0430,0.0000,0.0047,0.0000,0.0001,0.0300,0.0092,0.0953,0.1875,0.0000,0.0000,0.2125,0.0000,84.6700,0.0000
1105430,"Apples, red delicious, with skin, raw",Fruits and Fruit Juices,[],0.1500,0.0050,14.8000,0.0000,62.0000,56.0000,2.0000,0.0000,0.0047,0.0000,0.0001,0.0300,0.0090,0.0950,0.1900,0.0000,0.0000,0.2100,0.0000,84.7000,0.0000
2346414,"Applesauce, unsweetened, with added vitamin C",Fruits and Fruit Juices,[],0.2025,0.0038,12.2616,0.0000,51.6025,46.4205,-1.0000,0.0000,0.0039,0.0000,-1.0000,0.0437,0.0091,0.1077,0.2734,0.0005,-1.0000,0.1625,-1.0000,87.1000,0.0000
2263892,"Applesauce, unsweetened, with added vitamin C",Fruits and Fruit Juices,[],0.2025,0.0038,12.2616,0.0000,51.6025,46.4205,-1.0000,0.0000,0.0039,0.0000,-1.0000,0.0437,0.0091,0.1077,0.2734,0.0005,-1.0000,0.1625,-1.0000,87.1000,0.0000
2710815,"Apricot, with skin, raw",Fruits and Fruit Juices,[],0.5150,0.0116,10.2387,0.0001,48.4450,43.4791,1.5100,0.0002,0.0089,0.0001,-1.0000,0.1538,0.0225,0.2314,0.9613,0.0000,-1.0000,0.4050,-1.0000,87.8800,0.0001
2710822,"Arugula, baby, raw",Vegetables and Vegetable Products,[],1.7180,0.2037,5.3682,0.0001,30.9930,25.9079,2.2800,0.0014,0.0427,0.0005,-1.0000,0.2638,0.0512,0.4068,1.6487,0.0869,-1.0000,0.3250,-1.0000,90.9400,0.0003
2710823,"Asparagus, green, raw",Vegetables and Vegetable Products,[],0.6750,0.0206,5.1012,0.0001,28.1015,23.5292,1.8830,0.0004,0.0138,0.0001,0.0011,0.2300,0.0539,0.2775,1.4375,0.0025,0.0001,0.2163,0.0001,92.5700,0.0006
2710824,"Avocado, Hass, peeled, raw",Fruits and Fruit Juices,[],2.5540,0.0145,8.3235,0.0003,223.3340,206.0493,-1.0000,0.0006,0.0328,0.0002,-1.0000,0.2900,0.0424,0.5764,1.8125,0.0000,-1.0000,20.3100,0.0002,67.0000,0.0005
1105073,"Bananas, overripe, raw",Fruits and Fruit Juices,[],0.6700,-1.0000,20.1000,-1.0000,85.0000,77.0000,1.7000,-1.0000,-1.0000,-1.0000,0.0006,0.1200,-1.0000,-1.0000,0.7300,-1.0000,0.0000,0.2200,0.0002,78.3000,-1.0000
790774,"Bananas, overripe, raw",Fruits and Fruit Juices,[],0.6700,-1.0000,20.1000,-1.0000,-1.0000,-1.0000,1.7000,-1.0000,-1.0000,-1.0000,0.0006,0.1200,-1.0000,-1.0000,0.7300,-1.0000,0.0000,0.2200,0.0002,78.3000,-1.0000
1105314,"Bananas, ripe and slightly ripe, raw",Fruits and Fruit Juices,[],0.7000,0.0050,23.0000,0.0001,98.0000,88.0000,1.7000,0.0000,0.0280,0.0003,0.0007,0.1200,0.0220,0.3260,0.7400,0.0000,0.0001,0.2900,0.0002,75.3000,0.0002
790991,"Bananas, ripe and slightly ripe, raw",Fruits and Fruit Juices,[],0.7000,0.0050,23.0000,0.0001,-1.0000,-1.0000,1.7000,0.0000,0.0280,0.0003,0.0007,0.1200,0.0220,0.3260,0.7400,0.0000,0.0001,0.2900,0.0002,75.3000,0.0002
747444,"Beans, Dry, Black (0% moisture)",Legumes and Legume Products,[],-1.0000,0.1910,-1.0000,0.0011,-1.0000,-1.0000,4.2000,0.0053,0.1800,0.0021,-1.0000,-1.0000,0.5220,1.5400,24.4000,-1.0000,-1.0000,1.4500,-1.0000,0.0000,0.0034
335912,"Beans, Dry, Black (0% moisture)",Legumes and Legume Products,[],-1.0000,0.1910,-1.0000,0.0011,-1.0000,-1.0000,4.2000,0.0053,0.1800,0.0021,-1.0000,-1.0000,0.5220,1.5400,24.4000,-1.0000,-1.0000,1.4500,-1.0000,0.0000,0.0034
747433,"Beans, Dry, Brown (0% moisture)",Legumes and Legume Products,[],-1.0000,0.1580,-1.0000,0.0010,-1.0000,-1.0000,4.1000,0.0047,0.1580,0.0019,-1.0000,-1.0000,0.5430,1.5800,25.6000,-1.0000,-1.0000,1.1200,-1.0000,0.0000,0.0037
335425,"Beans, Dry, Brown (0% moisture)",Legumes and Legume Products,[],-1.0000,0.1580,-1.0000,0.0010,-1.0000,-1.0000,4.1000,0.0047,0.1580,0.0019,-1.0000,-1.0000,0.5430,1.5800,25.6000,-1.0000,-1.0000,1.1200,-1.0000,0.0000,0.0037
747436,"Beans, Dry, Carioca (0% moisture)",Legumes and Legume Products,[],-1.0000,0.1940,-1.0000,0.0010,-1.0000,-1.0000,4.5000,0.0059,0.1790,0.0019,-1.0000,-1.0000,0.5350,1.3900,25.2000,-1.0000,-1.0000,1.4400,-1.0000,0.0000,0.0034
335433,"Beans, Dry, Carioca (0% moisture)",Legumes and Legume Products,[],-1.0000,0.1940,-1.0000,0.0010,-1.0000,-1.0000,4.5000,0.0059,0.1790,0.0019,-1.0000,-1.0000,0.5350,1.3900,25.2000,-1.0000,-1.0000,1.4400,-1.0000,0.0000,0.0034
747437,"Beans, Dry, Cranberry (0% moisture)",Legumes and Legume Products,[],-1.0000,0.1520,-1.0000,0.0008,-1.0000,-1.0000,4.3000,0.0053,0.1660,0.0018,-1.0000,-1.0000,0.4870,1.3400,24.4000,-1.0000,-1.0000,1.2300,-1.0000,0.0000,0.0030
335782,"Beans, Dry, Cranberry (0% moisture)",Legumes and Legume Products,[],-1.0000,0.1520,-1.0000,0.0008,-1.0000,-1.0000,4.3000,0.0053,0.1660,0.0018,-1.0000,-1.0000,0.4870,1.3400,24.4000,-1.0000,-1.0000,1.2300,-1.0000,0.0000,0.0030
747440,"Beans, Dry, Dark Red Kidney (0% moisture)",Legumes and Legume Products,[],-1.0000,0.0980,-1.0000,0.0009,-1.0000,-1.0000,4.3000,0.0066,0.1640,0.0017,-1.0000,-1.0000,0.6120,1.4900,25.9000,-1.0000,-1.0000,1.3100,-1.0000,0.0000,0.0033
335245,"Beans, Dry, Dark Red Kidney (0% moisture)",Legumes and Legume Products,[],-1.0000,0.0980,-1.0000,0.0009,-1.0000,-1.0000,4.3000,0.0066,0.1640,0.0017,-1.0000,-1.0000,0.6120,1.4900,25.9000,-1.0000,-1.0000,1.3100,-1.0000,0.0000,0.0033
747432,"Beans, Dry, Flor de Mayo (0% moisture)",Legumes and Legume Products,[],-1.0000,0.1800,-1.0000,0.0009,-1.0000,-1.0000,4.0000,0.0045,0.1820,0.0017,-1.0000,-1.0000,0.4390,1.4900,23.3000,-1.0000,-1.0000,0.8600,-1.0000,0.0000,0.0034
335428,"Beans, Dry, Flor de Mayo (0% moisture)",Legumes and Legume Products,[],-1.0000,0.1800,-1.0000,0.0009,-1.0000,-1.0000,4.0000,0.0045,0.1820,0.0017,-1.0000,-1.0000,0.4390,1.4900,23.3000,-1.0000,-1.0000,0.8600,-1.0000,0.0000,0.0034
747446,"Beans, Dry, Great Northern (0% moisture)",Legumes and Legume Products,[],-1.0000,0.1920,-1.0000,0.0011,-1.0000,-1.0000,4.3000,0.0055,0.1760,0.0019,-1.0000,-1.0000,0.5190,1.5200,24.7000,-1.0000,-1.0000,1.2400,-1.0000,0.0000,0.0035
336067,"Beans, Dry, Great Northern (0% moisture)",Legumes and Legume Products,[],-1.0000,0.1920,-1.0000,0.0011,-1.0000,-1.0000,4.3000,0.0055,0.1760,0.0019,-1.0000,-1.0000,0.5190,1.5200,24.7000,-1.0000,-1.0000,1.2400,-1.0000,0.0000,0.0035
335422,"Beans, Dry, Light Red Kidney (0% moisture)",Legumes and Legume Products,[],-1.0000,0.1030,-1.0000,0.0008,-1.0000,-1.0000,4.5000,0.0070,0.1580,0.0015,-1.0000,-1.0000,0.5490,1.5400,25.0000,-1.0000,-1.0000,1.0300,-1.0000,0.0000,0.0035
747438,"Beans, Dry, Light Red Kidney (0% moisture)",Legumes and Legume Products,[],-1.0000,0.1030,-1.0000,0.0008,-1.0000,-1.0000,4.5000,0.0070,0.1580,0.0015,-1.0000,-1.0000,0.5490,1.5400,25.0000,-1.0000,-1.0000,1.0300,-1.0000,0.0000,0.0035
335785,"Beans, Dry, Light Tan (0% moisture)",Legumes and Legume Products,[],-1.0000,0.0980,-1.0000,0.0009,-1.0000,-1.0000,4.3000,0.0073,0.1780,0.0017,-1.0000,-1.0000,0.5710,1.2300,24.6000,-1.0000,-1.0000,1.2800,-1.0000,0.0000,0.0032
747435,"Beans, Dry, Light Tan (0% moisture)",Legumes and Legume Products,[],-1.0000,0.0980,-1.0000,0.0009,-1.0000,-1.0000,4.3000,0.0073,0.1780,0.0017,-1.0000,-1.0000,0.5710,1.2300,24.6000,-1.0000,-1.0000,1.2800,-1.0000,0.0000,0.0032
747430,"Beans, Dry, Medium Red (0% moisture)",Legumes and Legume Products,[],-1.0000,0.1930,-1.0000,0.0010,-1.0000,-1.0000,4.3000,0.0063,0.1780,0.0020,-1.0000,-1.0000,0.5480,1.4900,25.5000,-1.0000,-1.0000,1.0400,-1.0000,0.0000,0.0038
335777,"Beans, Dry, Medium Red (0% moisture)",Legumes and Legume Products,[],-1.0000,0.1930,-1.0000,0.0010,-1.0000,-1.0000,4.3000,0.0063,0.1780,0.0020,-1.0000,-1.0000,0.5480,1.4900,25.5000,-1.0000,-1.0000,1.0400,-1.0000,0.0000,0.0038
335419,"Beans, Dry, Navy (0% moisture)",Legumes and Legume Products,[],-1.0000,0.2290,-1.0000,0.0011,-1.0000,-1.0000,4.3000,0.0053,0.1800,0.0022,-1.0000,-1.0000,0.5230,1.4700,24.1000,-1.0000,-1.0000,1.5100,-1.0000,0.0000,0.0033
747441,"Beans, Dry, Navy (0% moisture)",Legumes and Legume Products,[],-1.0000,0.2290,-1.0000,0.0011,-1.0000,-1.0000,4.3000,0.0053,0.1800,0.0022,-1.0000,-1.0000,0.5230,1.4700,24.1000,-1.0000,-1.0000,1.5100,-1.0000,0.0000,0.0033
335306,"Beans, Dry, Pink (0% moisture)",Legumes and Legume Products,[],-1.0000,0.1370,-1.0000,0.0009,-1.0000,-1.0000,4.1000,0.0055,0.1640,0.0017,-1.0000,-1.0000,0.4910,1.4900,23.4000,-1.0000,-1.0000,1.2000,-1.0000,0.0000,0.0033
747439,"Beans, Dry, Pink (0% moisture)",Legumes and Legume Products,[],-1.0000,0.1370,-1.0000,0.0009,-1.0000,-1.0000,4.1000,0.0055,0.1640,0.0017,-1.0000,-1.0000,0.4910,1.4900,23.4000,-1.0000,-1.0000,1.2000,-1.0000,0.0000,0.0033
747445,"Beans, Dry, Pinto (0% moisture)",Legumes and Legume Products,[],-1.0000,0.1610,-1.0000,0.0010,-1.0000,-1.0000,4.1000,0.0054,0.1700,0.0018,-1.0000,-1.0000,0.5070,1.5100,23.7000,-1.0000,-1.0000,1.2400,-1.0000,0.0000,0.0034
335695,"Beans, Dry, Pinto (0% moisture)",Legumes and Legume Products,[],-1.0000,0.1610,-1.0000,0.0010,-1.0000,-1.0000,4.1000,0.0054,0.1700,0.0018,-1.0000,-1.0000,0.5070,1.5100,23.7000,-1.0000,-1.0000,1.2400,-1.0000,0.0000,0.0034
335930,"Beans, Dry, Red (0% moisture)",Legumes and Legume Products,[],-1.0000,0.1480,-1.0000,0.0010,-1.0000,-1.0000,4.0000,0.0050,0.1520,0.0019,-1.0000,-1.0000,0.3800,1.5400,21.3000,-1.0000,-1.0000,1.1600,-1.0000,0.0000,0.0028
747431,"Beans, Dry, Red (0% moisture)",Legumes and Legume Products,[],-1.0000,0.1480,-1.0000,0.0010,-1.0000,-1.0000,4.0000,0.0050,0.1520,0.0019,-1.0000,-1.0000,0.3800,1.5400,21.3000,-1.0000,-1.0000,1.1600,-1.0000,0.0000,0.0028
335774,"Beans, Dry, Small Red (0% moisture)",Legumes and Legume Products,[],-1.0000,0.1490,-1.0000,0.0010,-1.0000,-1.0000,4.1000,0.0050,0.1670,0.0018,-1.0000,-1.0000,0.4930,1.5200,23.5000,-1.0000,-1.0000,1.2800,-1.0000,0.0000,0.0032
747443,"Beans, Dry, Small Red (0% moisture)",Legumes and Legume Products,[],-1.0000,0.1490,-1.0000,0.0010,-1.0000,-1.0000,4.1000,0.0050,0.1670,0.0018,-1.0000,-1.0000,0.4930,1.5200,23.5000,-1.0000,-1.0000,1.2800,-1.0000,0.0000,0.0032
335927,"Beans, Dry, Small White (0% moisture)",Legumes and Legume Products,[],-1.0000,0.2360,-1.0000,0.0011,-1.0000,-1.0000,4.3000,0.0049,0.1820,0.0021,-1.0000,-1.0000,0.5330,1.5400,24.5000,-1.0000,-1.0000,1.3200,-1.0000,0.0000,0.0035
747442,"Beans, Dry, Small White (0% moisture)",Legumes and Legume Products,[],-1.0000,0.2360,-1.0000,0.0011,-1.0000,-1.0000,4.3000,0.0049,0.1820,0.0021,-1.0000,-1.0000,0.5330,1.5400,24.5000,-1.0000,-1.0000,1.3200,-1.0000,0.0000,0.0035
335442,"Beans, Dry, Tan (0% moisture)",Legumes and Legume Products,[],-1.0000,0.1780,-1.0000,0.0011,-1.0000,-1.0000,4.4000,0.0059,0.1980,0.0022,-1.0000,-1.0000,0.5550,1.6200,26.8000,-1.0000,-1.0000,1.1400,-1.0000,0.0000,0.0035
747434,"Beans, Dry, Tan (0% moisture)",Legumes and Legume Products,[],-1.0000,0.1780,-1.0000,0.0011,-1.0000,-1.0000,4.4000,0.0059,0.1980,0.0022,-1.0000,-1.0000,0.5550,1.6200,26.8000,-1.0000,-1.0000,1.1400,-1.0000,0.0000,0.0035
2644285,"Beans, black, canned, sodium added, drained and rinsed",Legumes and Legume Products,[],1.2110,0.0433,19.8135,0.0003,118.3610,115.2823,-1.0000,0.0017,0.0325,0.0003,-1.0000,1.1060,0.0910,0.2531,6.9125,0.2179,-1.0000,1.2730,-1.0000,70.7900,0.0007
2644287,"Beans, cannellini, canned, sodium added, drained and rinsed",Legumes and Legume Products,[],1.0700,0.0692,18.8185,0.0002,115.4450,112.0972,-1.0000,0.0014,0.0293,0.0004,-1.0000,1.1860,0.0947,0.2026,7.4125,0.1640,-1.0000,1.1690,-1.0000,71.5300,0.0005
2644281,"Beans, cannellini, dry",Legumes and Legume Products,[],4.1430,0.1429,59.7955,0.0007,345.2230,336.5952,-1.0000,0.0067,0.1536,0.0018,-1.0000,3.4500,0.4123,1.4240,21.5625,0.0000,-1.0000,2.1990,-1.0000,12.3000,0.0027
2644294,"Beans, great northern, canned, sodium added, drained and rinsed",Legumes and Legume Products,[],1.2140,0.0672,19.3287,0.0003,116.8340,113.6629,-1.0000,0.0014,0.0293,0.0005,-1.0000,1.1250,0.0886,0.2131,7.0312,0.2231,-1.0000,1.2660,-1.0000,71.1600,0.0006
2644289,"Beans, kidney, dark red, canned, sodium added, sugar added, drained and rinsed",Legumes and Legume Products,[],1.0940,0.0569,21.0300,0.0003,126.6240,123.1708,-1.0000,0.0014,0.0293,0.0003,-1.0000,1.2480,0.1041,0.2269,7.8000,0.1723,-1.0000,1.2560,-1.0000,68.8200,0.0006
2644290,"Beans, kidney, light red, canned, sodium added, sugar added, drained and rinsed",Legumes and Legume Products,[],1.0180,0.0602,21.4468,0.0003,126.7030,123.5136,-1.0000,0.0013,0.0255,0.0003,-1.0000,1.1690,0.0936,0.2094,7.3063,0.1585,-1.0000,1.2990,-1.0000,68.9300,0.0005
2644286,"Beans, navy, canned, sodium added, drained and rinsed",Legumes and Legume Products,[],1.0900,0.0639,19.9833,0.0003,118.7900,115.8267,-1.0000,0.0016,0.0296,0.0004,-1.0000,1.0510,0.0867,0.1837,6.5687,0.1901,-1.0000,1.3980,-1.0000,70.9600,0.0006
2644292,"Beans, pinto, canned, sodium added, drained and rinsed",Legumes and Legume Products,[],1.1100,0.0552,19.6002,0.0003,116.5700,113.5968,-1.0000,0.0013,0.0275,0.0003,-1.0000,1.0710,0.0831,0.2096,6.6937,0.2016,-1.0000,1.2660,-1.0000,71.3300,0.0006
321611,"Beans, snap, green, canned, regular pack, drained solids",Vegetables and Vegetable Products,[],0.8900,0.0360,4.1100,0.0000,24.0000,20.0000,-1.0000,0.0008,0.0127,0.0002,-1.0000,0.1700,0.0230,0.0970,1.0400,0.2820,-1.0000,0.3900,-1.0000,93.6000,0.0002
2346400,"Beans, snap, green, raw",Vegetables and Vegetable Products,[],0.6838,0.0400,7.4124,0.0001,39.9998,33.5679,3.0110,0.0007,0.0282,0.0003,0.0007,0.3150,0.0411,0.2904,1.9688,0.0000,0.0001,0.2750,0.0001,89.6600,0.0003
2646174,"Beef, chuck, roast, boneless, choice, raw",Beef Products,[],0.8938,0.0046,0.0000,0.0001,231.7048,237.0969,-1.0000,0.0021,0.0170,0.0000,-1.0000,2.9440,0.1510,0.2811,18.4000,0.0484,-1.0000,17.8000,-1.0000,63.4300,0.0054
2646175,"Beef, flank, steak, boneless, choice, raw",Beef Products,[],0.9938,0.0038,0.0000,0.0000,163.8998,169.5627,-1.0000,0.0018,0.0189,0.0000,-1.0000,3.2210,0.1673,0.3318,20.1313,0.0513,-1.0000,9.3990,-1.0000,69.7800,0.0056
2514744,"Beef, ground, 80% lean meat / 20% fat, raw",Beef Products,[],0.8275,0.0069,0.0000,0.0001,242.6100,247.8127,-1.0000,0.0020,0.0164,0.0000,-1.0000,2.8050,0.1444,0.2733,17.5312,0.0549,-1.0000,19.4400,-1.0000,62.8200,0.0038
2514743,"Beef, ground, 90% lean meat / 10% fat, raw",Beef Products,[],0.8463,0.0071,0.0000,0.0001,184.8648,190.1348,-1.0000,0.0021,0.0165,0.0000,-1.0000,2.9050,0.1480,0.2814,18.1562,0.0616,-1.0000,12.8500,-1.0000,69.0000,0.0042
334897,"Beef, loin, tenderloin roast, separable lean only, boneless, trimmed to 0"" fat, select, cooked, roasted",Beef Products,[],1.2200,0.0130,0.0000,0.0001,-1.0000,-1.0000,-1.0000,0.0030,0.0137,0.0000,0.0058,-1.0000,0.2590,0.3520,27.7000,0.0540,-1.0000,6.3600,0.0007,65.7000,0.0037
746758,"Beef, loin, tenderloin roast, separable lean only, boneless, trimmed to 0"" fat, select, cooked, roasted",Beef Products,[],1.2200,0.0130,0.0000,0.0001,168.0000,176.0000,-1.0000,0.0030,0.0137,0.0000,0.0058,-1.0000,0.2590,0.3520,27.7000,0.0540,-1.0000,6.3600,0.0007,65.7000,0.0037
746759,"Beef, loin, top loin steak, boneless, lip-on, separable lean only, trimmed to 1/8"" fat, choice, raw",Beef Products,[],1.0100,0.0150,0.0000,0.0000,149.0000,155.0000,-1.0000,0.0019,0.0113,0.0000,0.0069,-1.0000,0.2060,0.2820,22.8000,0.0450,0.0001,6.3900,0.0006,69.9000,0.0038
334849,"Beef, loin, top loin steak, boneless, lip-on, separable lean only, trimmed to 1/8"" fat, choice, raw",Beef Products,[],1.0100,0.0150,0.0000,0.0000,-1.0000,-1.0000,-1.0000,0.0019,0.0113,0.0000,0.0069,-1.0000,0.2060,0.2820,22.8000,0.0450,0.0001,6.3900,0.0006,69.9000,0.0038
2646172,"Beef, ribeye, steak, boneless, choice, raw",Beef Products,[],0.8925,0.0042,0.0000,0.0000,254.1100,259.6114,-1.0000,0.0016,0.0167,0.0000,-1.0000,2.9990,0.1497,0.2880,18.7437,0.0425,-1.0000,20.0400,-1.0000,60.6300,0.0041
746760,"Beef, round, eye of round roast, boneless, separable lean only, trimmed to 0"" fat, select, raw",Beef Products,[],1.0800,0.0130,0.0000,0.0000,116.0000,122.0000,-1.0000,0.0014,0.0114,0.0000,0.0066,-1.0000,0.2220,0.3120,23.4000,0.0500,-1.0000,2.4800,0.0006,73.7000,0.0034
334898,"Beef, round, eye of round roast, boneless, separable lean only, trimmed to 0"" fat, select, raw",Beef Products,[],1.0800,0.0130,0.0000,0.0000,-1.0000,-1.0000,-1.0000,0.0014,0.0114,0.0000,0.0066,-1.0000,0.2220,0.3120,23.4000,0.0500,-1.0000,2.4800,0.0006,73.7000,0.0034
334963,"Beef, round, top round roast, boneless, separable lean only, trimmed to 0"" fat, select, raw",Beef Products,[],1.1100,0.0130,0.0000,0.0000,-1.0000,-1.0000,-1.0000,0.0023,0.0119,0.0000,0.0062,-1.0000,0.2200,0.3160,23.7000,0.0550,0.0001,2.4100,0.0006,73.3000,0.0035
746761,"Beef, round, top round roast, boneless, separable lean only, trimmed to 0"" fat, select, raw",Beef Products,[],1.1100,0.0130,0.0000,0.0000,116.0000,123.0000,-1.0000,0.0023,0.0119,0.0000,0.0062,-1.0000,0.2200,0.3160,23.7000,0.0550,0.0001,2.4100,0.0006,73.3000,0.0035
2646173,"Beef, round, top round, boneless, choice, raw",Beef Products,[],1.0900,0.0041,0.8520,0.0001,140.6350,146.4366,-1.0000,0.0019,0.0221,0.0000,-1.0000,3.4360,0.1923,0.3515,21.4750,0.0455,-1.0000,5.7030,-1.0000,70.8800,0.0038
2727572,"Beef, short loin (NY strip steak), raw",Beef Products,[],0.9638,0.0050,0.2212,0.0000,190.0448,196.0046,-1.0000,0.0016,0.0195,0.0000,-1.0000,3.4120,0.1714,0.3230,21.3250,0.0431,-1.0000,11.5400,-1.0000,65.9500,0.0033
746762,"Beef, short loin, porterhouse steak, separable lean only, trimmed to 1/8"" fat, select, raw",Beef Products,[],1.0200,0.0190,0.0000,0.0001,139.0000,145.0000,-1.0000,0.0023,0.0107,0.0000,0.0053,-1.0000,0.2000,0.2660,22.7000,0.0430,-1.0000,5.3200,0.0008,71.4000,0.0035
335109,"Beef, short loin, porterhouse steak, separable lean only, trimmed to 1/8"" fat, select, raw",Beef Products,[],1.0200,0.0190,0.0000,0.0001,-1.0000,-1.0000,-1.0000,0.0023,0.0107,0.0000,0.0053,-1.0000,0.2000,0.2660,22.7000,0.0430,-1.0000,5.3200,0.0008,71.4000,0.0035
746763,"Beef, short loin, t-bone steak, bone-in, separable lean only, trimmed to 1/8"" fat, choice, cooked, grilled",Beef Products,[],1.0200,0.0190,0.0000,0.0001,212.0000,219.0000,-1.0000,0.0035,0.0200,0.0000,0.0064,-1.0000,0.2110,0.2830,27.3000,0.0670,-1.0000,11.4000,0.0008,60.3000,0.0047
335061,"Beef, short loin, t-bone steak, bone-in, separable lean only, trimmed to 1/8"" fat, choice, cooked, grilled",Beef Products,[],1.0200,0.0190,0.0000,0.0001,-1.0000,-1.0000,-1.0000,0.0035,0.0200,0.0000,0.0064,-1.0000,0.2110,0.2830,27.3000,0.0670,-1.0000,11.4000,0.0008,60.3000,0.0047
2727574,"Beef, top sirloin steak, raw",Beef Products,[],1.0890,0.0037,0.2180,0.0001,140.1440,146.1631,-1.0000,0.0022,0.0221,0.0000,-1.0000,3.5160,0.1931,0.3494,21.9750,0.0428,-1.0000,5.7080,-1.0000,71.0100,0.0035
2727573,"Beef, tenderloin steak, raw",Beef Products,[],1.0600,0.0041,0.1802,0.0001,143.2000,149.0010,-1.0000,0.0025,0.0220,0.0000,-1.0000,3.3750,0.1897,0.3447,21.0938,0.0449,-1.0000,6.4560,-1.0000,71.2100,0.0032
2685576,"Beets, raw",Vegetables and Vegetable Products,[],1.0630,0.0138,8.7870,0.0002,44.6205,40.9653,3.1190,0.0004,0.0210,0.0003,-1.0000,0.2700,0.0336,0.3415,1.6875,0.1116,-1.0000,0.3025,-1.0000,88.1600,0.0003
2727571,"Bison, ground, raw","Lamb, Veal, and Game Products",[],0.9483,0.0068,-0.1495,0.0001,158.8468,164.4118,-1.0000,0.0022,0.0185,0.0000,-1.0000,3.1810,0.1656,0.3011,19.8813,0.0557,-1.0000,8.8800,-1.0000,70.4400,0.0038
2727581,"Blackberries, raw",Fruits and Fruit Juices,[],0.4244,0.0155,-1.0000,0.0001,-1.0000,-1.0000,-1.0000,0.0002,0.0206,0.0009,-1.0000,0.2442,0.0202,0.1674,1.5263,0.0015,-1.0000,-1.0000,-1.0000,86.4500,0.0002
2644293,"Blackeye pea, canned, sodium added, drained and rinsed",Legumes and Legume Products,[],0.9931,0.0278,19.1659,0.0003,116.0276,112.8825,-1.0000,0.0011,0.0273,0.0002,-1.0000,1.1080,0.0830,0.1381,6.9250,0.2267,-1.0000,1.2960,-1.0000,71.6200,0.0007
2644284,"Blackeye pea, dry",Legumes and Legume Products,[],3.5100,0.0714,61.8360,0.0009,354.0150,345.5703,-1.0000,0.0059,0.1839,0.0013,-1.0000,3.3960,0.4276,1.2430,21.2250,0.0035,-1.0000,2.4190,-1.0000,11.0100,0.0037
2263889,"Blueberries, raw",Fruits and Fruit Juices,[],0.2288,0.0117,14.5718,0.0000,63.8563,57.3846,-1.0000,0.0003,0.0062,0.0004,-1.0000,0.1125,0.0130,0.0856,0.7031,0.0000,-1.0000,0.3063,-1.0000,84.1900,0.0001
2346411,"Blueberries, raw",Fruits and Fruit Juices,[],0.2288,0.0117,14.5718,0.0000,63.8563,57.3846,-1.0000,0.0003,0.0062,0.0004,-1.0000,0.1125,0.0130,0.0856,0.7031,0.0000,-1.0000,0.3063,-1.0000,84.1900,0.0001
325871,"Bread, white, commercially prepared",Baked Products,[],2.1000,0.2110,49.2000,0.0001,267.0000,270.0000,2.3000,0.0034,0.0269,0.0006,0.0048,1.5100,0.1130,0.1170,9.4300,0.4770,0.0005,3.5900,0.0001,35.7000,0.0009
335240,"Bread, whole-wheat, commercially prepared",Baked Products,[],2.3600,0.1630,43.1000,0.0002,254.0000,-1.0000,6.0000,0.0026,0.0766,0.0022,0.0044,1.9700,0.2120,0.2500,12.3000,0.4500,0.0004,3.5500,0.0002,38.7000,0.0018
321900,"Broccoli, raw",Vegetables and Vegetable Products,[],0.8300,0.0460,6.2900,0.0001,-1.0000,-1.0000,2.4000,0.0007,0.0210,0.0002,0.0006,0.4100,0.0670,0.3030,2.5700,0.0360,0.0001,0.3400,0.0002,90.0000,0.0004
747447,"Broccoli, raw",Vegetables and Vegetable Products,[],0.8300,0.0460,6.2700,0.0001,39.0000,32.0000,2.4000,0.0007,0.0210,0.0002,0.0006,0.4100,0.0670,0.3030,2.5700,0.0360,0.0001,0.3400,0.0002,90.0000,0.0004
2685575,"Brussels sprouts, raw",Vegetables and Vegetable Products,[],1.2150,0.0386,9.6156,0.0000,59.4850,48.7787,4.7850,0.0007,0.0250,0.0002,-1.0000,0.6375,0.0785,0.4768,3.9844,0.0257,-1.0000,0.5650,-1.0000,84.6200,0.0004
2512378,"Buckwheat, whole grain",Cereal Grains and Pasta,[],1.8150,0.0136,71.1307,0.0005,356.1350,331.6005,4.0460,0.0024,0.2030,0.0012,0.0054,1.8980,0.3737,0.4145,11.0653,0.0000,0.0005,3.0390,0.0003,12.9500,0.0022
2710820,"Bulgur, dry, raw",Cereal Grains and Pasta,[],1.4560,0.0341,75.8817,0.0004,372.3410,349.3017,11.7200,0.0026,0.1189,0.0026,0.0052,1.8810,0.3121,0.3583,11.7562,0.0022,0.0002,2.4210,0.0002,8.4850,0.0021
790508,"Butter, stick, salted",Dairy and Egg Products,[],-1.0000,0.0210,-1.0000,0.0000,-1.0000,-1.0000,-1.0000,0.0001,0.0016,0.0000,0.0000,-1.0000,0.0220,0.0230,-1.0000,0.5240,-1.0000,82.2000,0.0000,15.8000,0.0001
789828,"Butter, stick, unsalted",Dairy and Egg Products,[],-1.0000,0.0140,-1.0000,0.0000,-1.0000,-1.0000,-1.0000,0.0000,0.0016,0.0000,-1.0000,-1.0000,0.0190,0.0190,-1.0000,0.0100,-1.0000,81.5000,-1.0000,17.4000,0.0001
2259792,"Buttermilk, low fat",Dairy and Egg Products,[],0.8525,0.1201,4.8115,0.0000,42.8350,42.9180,-1.0000,0.0000,0.0110,0.0000,0.0001,0.5431,0.0922,0.1580,3.4650,0.0925,0.0000,1.0810,0.0000,89.7900,0.0004
2685572,"Cabbage, bok choy, raw",Vegetables and Vegetable Products,[],0.6875,0.0619,3.5149,0.0000,20.2590,17.0032,1.2590,0.0004,0.0136,0.0002,-1.0000,0.1638,0.0305,0.2278,1.0237,0.0143,-1.0000,0.2338,-1.0000,94.5400,0.0003
2346407,"Cabbage, green, raw",Vegetables and Vegetable Products,[],0.5575,0.0418,6.3838,0.0000,31.4275,27.8695,-1.0000,0.0001,0.0139,0.0002,-1.0000,0.1538,0.0269,0.2071,0.9613,0.0161,-1.0000,0.2275,0.0001,91.8700,0.0002
2727583,"Cabbage, napa, leaf, destemmed, raw",Vegetables and Vegetable Products,[],0.5563,0.0350,-1.0000,0.0000,-1.0000,-1.0000,-1.0000,0.0003,0.0113,0.0002,-1.0000,0.1702,0.0344,0.2346,1.0637,0.0126,-1.0000,-1.0000,0.0001,94.2400,0.0003
2346408,"Cabbage, red, raw",Vegetables and Vegetable Products,[],0.6138,0.0310,6.7899,0.0000,34.0538,29.9438,-1.0000,0.0000,0.0133,0.0003,-1.0000,0.1988,0.0358,0.2691,1.2425,0.0117,-1.0000,0.2138,0.0002,91.1400,0.0002
2258587,"Carrots, baby, raw",Vegetables and Vegetable Products,[],0.6788,0.0422,9.0787,0.0000,40.7723,38.2510,2.6940,0.0001,0.0111,0.0001,0.0007,0.1288,0.0296,0.2373,0.8050,0.0627,0.0000,0.1375,0.0001,89.3000,0.0002
746764,"Carrots, frozen, unprepared",Vegetables and Vegetable Products,[],0.7200,0.0330,7.9200,0.0001,39.0000,37.0000,3.2000,0.0004,0.0108,0.0001,0.0005,0.1300,0.0310,0.2100,0.8100,0.0660,0.0000,0.4700,0.0001,90.1000,0.0003
326458,"Carrots, frozen, unprepared (Includes foods for USDA's Food Distribution Program)",Vegetables and Vegetable Products,[],0.7200,0.0330,7.9200,0.0001,-1.0000,-1.0000,3.2000,0.0004,0.0108,0.0001,0.0005,0.1300,0.0310,0.2100,0.8100,0.0660,0.0000,0.4700,0.0001,90.1000,0.0003
2258586,"Carrots, mature, raw",Vegetables and Vegetable Products,[],0.7206,0.0305,10.2675,0.0001,47.9906,44.9786,3.0950,0.0002,0.0124,0.0001,0.0014,0.1506,0.0398,0.2796,0.9413,0.0867,0.0001,0.3506,0.0001,87.7200,0.0002
2685573,"Cauliflower, raw",Vegetables and Vegetable Products,[],0.6788,0.0204,4.7231,0.0000,27.5923,22.8524,1.9480,0.0003,0.0142,0.0001,-1.0000,0.2625,0.0397,0.2744,1.6406,0.0200,-1.0000,0.2375,-1.0000,92.7200,0.0002
2346405,"Celery, raw",Vegetables and Vegetable Products,[],0.8288,0.0463,3.3165,0.0000,16.6973,14.8322,-1.0000,0.0000,0.0109,0.0001,-1.0000,0.0788,0.0216,0.2652,0.4922,0.0972,-1.0000,0.1625,0.0001,95.2000,0.0001
747429,"Cheese, American, restaurant",Dairy and Egg Products,[],5.5700,0.5080,6.3500,0.0000,375.0000,373.0000,-1.0000,0.0002,0.0250,0.0000,-1.0000,2.7400,0.3800,0.1730,17.5000,1.6000,-1.0000,31.1000,-1.0000,39.5000,0.0025
328637,"Cheese, cheddar",Dairy and Egg Products,[],3.6700,0.7070,2.4400,0.0000,409.0000,408.0000,-1.0000,0.0002,0.0268,0.0000,0.0001,3.6500,0.4580,0.0770,23.3000,0.6540,0.0000,34.0000,0.0001,36.6000,0.0037
2647443,"Cheese, cotija, solid",Dairy and Egg Products,[],6.2000,0.6996,2.7243,0.0000,351.4000,351.7611,-1.0000,0.0000,0.0299,0.0000,-1.0000,3.7360,0.4855,0.1167,23.8357,1.6250,-1.0000,27.2400,-1.0000,40.0000,0.0036
328841,"Cheese, cottage, lowfat, 2% milkfat",Dairy and Egg Products,[],1.2500,0.1030,4.3100,0.0000,82.0000,84.0000,-1.0000,0.0001,0.0089,0.0000,0.0001,1.7300,0.1480,0.1200,11.0000,0.3210,0.0000,2.3000,0.0001,81.1000,0.0006
329830,"Cheese, dry white, queso seco",Dairy and Egg Products,[],6.9300,0.6610,2.0700,0.0000,-1.0000,-1.0000,-1.0000,0.0002,0.0267,0.0000,0.0001,3.8400,0.4750,0.1160,24.5000,1.8100,0.0000,24.3000,0.0001,42.2000,0.0033
746765,"Cheese, dry white, queso seco",Dairy and Egg Products,[],6.9300,0.6610,2.0700,0.0000,325.0000,326.0000,-1.0000,0.0002,0.0267,0.0000,0.0001,3.8400,0.4750,0.1160,24.5000,1.8100,0.0000,24.3000,0.0001,42.2000,0.0033
2259796,"Cheese, feta, whole milk, crumbled",Dairy and Egg Products,[],3.7390,0.3711,5.5832,0.0000,272.8840,273.4725,-1.0000,0.0001,0.0177,0.0000,0.0003,3.0890,0.3276,0.1053,19.7078,1.0340,0.0001,19.0800,0.0000,51.8900,0.0024
2647438,"Cheese, monterey jack, solid",Dairy and Egg Products,[],3.6750,0.7146,1.8979,0.0000,391.7300,390.7376,-1.0000,0.0000,0.0296,0.0000,-1.0000,3.5450,0.4709,0.0829,22.6171,0.6622,-1.0000,32.6300,-1.0000,39.1800,0.0038
329370,"Cheese, mozzarella, low moisture, part-skim",Dairy and Egg Products,[],3.7900,0.6930,4.4400,0.0000,296.0000,298.0000,-1.0000,0.0002,0.0272,0.0000,0.0001,3.7100,0.5330,0.1160,23.7000,0.6990,0.0000,20.4000,0.0001,47.7000,0.0036
2647441,"Cheese, oaxaca, solid",Dairy and Egg Products,[],3.5530,0.5323,2.4020,0.0000,297.0880,298.1139,-1.0000,0.0000,0.0216,0.0000,-1.0000,3.4710,0.3804,0.0807,22.1450,0.7342,-1.0000,22.1000,-1.0000,49.8000,0.0035
325036,"Cheese, parmesan, grated",Dairy and Egg Products,[],7.1500,0.8840,12.4000,0.0000,420.0000,420.0000,-1.0000,0.0005,0.0349,0.0001,0.0001,4.6300,0.6340,0.1840,29.6000,1.7500,0.0000,28.0000,0.0001,22.8000,0.0043
2259795,"Cheese, parmesan, grated, refrigerated",Dairy and Egg Products,[],5.1990,0.9504,4.3319,0.0000,403.3840,404.7634,-1.0000,0.0001,0.0354,0.0000,0.0001,4.7240,0.6253,0.0740,30.1391,1.0460,0.0000,29.5000,0.0000,30.8300,0.0046
2647439,"Cheese, pasteurized process cheese food or product, American, singles",Dairy and Egg Products,[],7.6030,1.4980,8.1898,0.0000,309.7680,307.8959,-1.0000,0.0013,0.0346,0.0001,-1.0000,2.4400,0.8800,0.2118,15.5672,1.4200,-1.0000,23.8600,-1.0000,44.7800,0.0024
325198,"Cheese, pasteurized process, American, vitamin D fortified",Dairy and Egg Products,[],6.5900,0.8660,5.2700,0.0000,368.0000,366.0000,-1.0000,0.0005,0.0251,0.0000,0.0001,2.8200,0.5400,0.1490,18.0000,1.6600,0.0000,30.6000,0.0001,39.6000,0.0024
2647440,"Cheese, provolone, sliced",Dairy and Egg Products,[],3.6240,0.7488,2.4531,0.0000,356.7940,356.9001,-1.0000,0.0000,0.0295,0.0000,-1.0000,3.6760,0.4941,0.0948,23.4529,0.6009,-1.0000,28.1300,-1.0000,42.3400,0.0039
2647442,"Cheese, queso fresco, solid",Dairy and Egg Products,[],3.4180,0.6018,2.9572,0.0000,297.6080,297.4169,-1.0000,0.0000,0.0276,0.0000,-1.0000,2.9600,0.3898,0.1264,18.8848,0.6265,-1.0000,23.3600,-1.0000,51.3800,0.0029
746766,"Cheese, ricotta, whole milk",Dairy and Egg Products,[],1.3600,0.2240,6.8600,0.0000,158.0000,157.0000,-1.0000,0.0001,0.0197,0.0000,0.0002,1.2200,0.1620,0.2300,7.8100,0.1050,0.0000,11.0000,0.0001,72.9000,0.0006
323444,"Cheese, ricotta, whole milk",Dairy and Egg Products,[],1.3600,0.2240,6.8600,0.0000,-1.0000,-1.0000,-1.0000,0.0001,0.0197,0.0000,0.0002,1.2200,0.1620,0.2300,7.8100,0.1050,0.0000,11.0000,0.0001,72.9000,0.0006
746767,"Cheese, swiss",Dairy and Egg Products,[],2.9700,0.8900,1.4400,0.0000,393.0000,393.0000,-1.0000,0.0001,0.0334,0.0000,0.0001,4.2300,0.5740,0.0710,27.0000,0.1850,0.0000,31.0000,0.0001,37.6000,0.0044
326135,"Cheese, swiss",Dairy and Egg Products,[],2.9700,0.8900,1.4400,0.0000,-1.0000,-1.0000,-1.0000,0.0001,0.0334,0.0000,0.0001,4.2300,0.5740,0.0710,27.0000,0.1850,0.0000,31.0000,0.0001,37.6000,0.0044
2346399,"Cherries, sweet, dark red, raw",Fruits and Fruit Juices,[],0.4250,0.0123,16.1631,0.0001,70.5425,63.2908,-1.0000,0.0001,0.0121,0.0001,-1.0000,0.1663,0.0232,0.2296,1.0394,0.0000,-1.0000,0.1925,0.0000,82.1800,0.0001
2710819,"Chia seeds, dry, raw",Cereal Grains and Pasta,[],4.3730,0.5954,38.2730,0.0016,517.1540,490.0955,-1.0000,0.0060,0.3263,0.0076,0.0087,3.2100,0.6913,0.6421,17.0130,0.0000,0.0005,32.8900,0.0002,7.4510,0.0056
2646170,"Chicken, breast, boneless, skinless, raw",Poultry Products,[],1.1290,0.0039,0.0000,0.0000,106.0340,112.2023,-1.0000,0.0004,0.0262,0.0000,-1.0000,3.6040,0.2149,0.3301,22.5250,0.0658,-1.0000,1.9340,-1.0000,74.7800,0.0007
2727569,"Chicken, breast, meat and skin, raw",Poultry Products,[],1.0450,0.0069,-0.4283,0.0000,126.9050,132.8359,-1.0000,0.0004,0.0254,0.0000,-1.0000,3.4250,0.2036,0.3325,21.4062,0.0481,-1.0000,4.7770,-1.0000,73.2000,0.0006
331960,"Chicken, broiler or fryers, breast, skinless, boneless, meat only, cooked, braised",Poultry Products,[],1.1900,0.0060,0.0000,0.0000,158.0000,166.0000,-1.0000,0.0005,0.0320,0.0000,0.0095,5.1300,0.2410,0.3430,32.1000,0.0470,0.0001,3.2400,0.0009,65.3000,0.0010
331897,"Chicken, broilers or fryers, drumstick, meat only, cooked, braised",Poultry Products,[],0.9800,0.0120,0.0000,0.0001,149.0000,156.0000,-1.0000,0.0009,0.0224,0.0000,0.0050,3.8300,0.1840,0.2390,23.9000,0.1170,0.0001,5.9500,0.0004,69.9000,0.0025
2727566,"Chicken, drumstick, meat and skin, raw",Poultry Products,[],0.8888,0.0083,-0.4750,0.0000,124.9848,130.1215,-1.0000,0.0007,0.0186,0.0000,-1.0000,2.9370,0.1525,0.2441,18.3562,0.0910,-1.0000,5.9400,-1.0000,75.2900,0.0017
2514746,"Chicken, ground, with additives, raw",Poultry Products,[],0.9688,0.0058,0.0000,0.0000,133.0498,138.1285,-1.0000,0.0006,0.0205,0.0000,-1.0000,2.8660,0.1655,0.3017,17.9125,0.0630,-1.0000,7.1610,-1.0000,74.7200,0.0012
2646171,"Chicken, thigh, boneless, skinless, raw",Poultry Products,[],0.9575,0.0057,0.0000,0.0000,144.0700,149.3065,-1.0000,0.0006,0.0218,0.0000,-1.0000,2.9780,0.1783,0.2718,18.6125,0.0623,-1.0000,7.9160,-1.0000,72.9200,0.0013
2727567,"Chicken, thigh, meat and skin, raw",Poultry Products,[],0.8463,0.0057,-0.1726,0.0000,187.8848,192.7929,-1.0000,0.0006,0.0185,0.0000,-1.0000,2.7370,0.1536,0.2460,17.1062,0.0635,-1.0000,13.3500,-1.0000,68.8700,0.0012
2727568,"Chicken, wing, meat and skin, raw",Poultry Products,[],0.7525,0.0136,-0.4587,0.0000,167.5500,172.7921,-1.0000,0.0005,0.0165,0.0000,-1.0000,2.9450,0.1328,0.1940,18.4062,0.0841,-1.0000,10.6400,-1.0000,70.6600,0.0012
2644288,"Chickpeas (garbanzo beans, bengal gram), canned, sodium added, drained and rinsed",Legumes and Legume Products,[],0.9750,0.0405,20.3203,0.0003,137.2200,132.9720,-1.0000,0.0010,0.0284,0.0007,-1.0000,1.1230,0.0865,0.1368,7.0187,0.2017,-1.0000,3.0960,-1.0000,68.5900,0.0007
2644282,"Chickpeas, (garbanzo beans, bengal gram), dry",Legumes and Legume Products,[],3.3190,0.1111,60.3580,0.0008,382.9980,371.9947,-1.0000,0.0051,0.1348,0.0036,-1.0000,3.4040,0.3531,1.0740,21.2750,0.0088,-1.0000,6.2740,-1.0000,8.7740,0.0031
2685574,"Collards, raw",Vegetables and Vegetable Products,[],1.7290,0.2764,7.0222,0.0001,46.8940,38.7581,3.8160,0.0008,0.0495,0.0009,-1.0000,0.4750,0.0450,0.4098,2.9688,0.0184,-1.0000,0.7700,-1.0000,87.5100,0.0005
333008,"Cookies, oatmeal, soft, with raisins",Baked Products,[],1.4400,0.0290,69.6000,0.0001,430.0000,-1.0000,3.3000,0.0023,0.0324,0.0008,0.0021,0.9300,0.1110,0.2450,5.7900,0.3140,0.0003,14.3000,0.0001,8.8500,0.0006
2710835,"Corn flour, masa harina, white or yellow, dry, raw",Cereal Grains and Pasta,[],1.3280,0.1116,76.6895,0.0001,376.0680,366.0301,7.0380,0.0017,0.0933,0.0004,0.0017,1.2100,0.2411,0.2766,7.5625,0.0027,0.0002,4.3400,0.0002,10.0800,0.0016
2710826,"Corn, sweet, yellow and white kernels,  fresh, raw",Vegetables and Vegetable Products,[],0.6450,0.0007,14.6896,0.0001,84.5500,72.8577,2.4280,0.0004,0.0258,0.0002,0.0016,0.4463,0.0755,0.2370,2.7894,0.0000,0.0001,1.6260,0.0002,80.2500,0.0006
2346384,"Cottage cheese, full fat, large or small curd",Dairy and Egg Products,[],1.4510,0.0883,4.5996,0.0000,102.9210,104.5744,-1.0000,0.0000,0.0092,0.0000,0.0001,1.8220,0.1540,0.1236,11.6244,0.3498,0.0001,4.2250,0.0000,78.1000,0.0005
2003594,"Cranberry juice, not fortified, from concentrate, shelf stable",Fruits and Fruit Juices,[],0.0988,0.0066,7.2637,0.0000,32.0925,31.2988,-1.0000,0.0001,0.0044,0.0002,0.0000,0.0000,0.0033,0.0706,0.0000,0.0063,0.0000,0.3375,0.0000,92.3000,0.0000
2346385,"Cream cheese, full fat, block",Dairy and Egg Products,[],1.4440,0.0971,4.5561,0.0000,342.7940,336.7321,-1.0000,0.0000,0.0089,0.0000,0.0001,0.9075,0.1077,0.1248,5.7899,0.3678,0.0000,33.4900,0.0000,54.7200,0.0006
2346386,"Cream, heavy",Dairy and Egg Products,[],0.4925,0.0612,3.7995,0.0000,343.3100,335.8933,-1.0000,0.0000,0.0060,0.0000,0.0001,0.3163,0.0570,0.0969,2.0180,0.0206,0.0000,35.5600,0.0000,58.1300,0.0002
2346387,"Cream, sour, full fat",Dairy and Egg Products,[],0.8038,0.1072,5.5555,0.0000,196.4148,192.7438,-1.0000,0.0000,0.0101,0.0000,0.0001,0.4813,0.1020,0.1538,3.0707,0.0500,0.0000,17.9900,0.0000,72.5800,0.0004
2684446,"Crustaceans, crab, blue swimming, lump, pasteurized, refrigerated",Finfish and Shellfish Products,[],1.8810,0.1109,0.0000,0.0011,80.9935,86.0211,-1.0000,0.0006,0.0431,0.0001,-1.0000,2.9840,0.2785,0.2348,18.6500,0.3313,-1.0000,0.8075,-1.0000,78.8800,0.0035
2684443,"Crustaceans, shrimp, farm raised, raw",Finfish and Shellfish Products,[],1.8650,0.0646,0.4849,0.0002,71.4265,75.6994,-1.0000,0.0005,0.0225,0.0000,-1.0000,2.4910,0.1906,0.1459,15.5687,0.4749,-1.0000,0.8013,-1.0000,81.2800,0.0009
2346406,"Cucumber, with peel, raw",Vegetables and Vegetable Products,[],0.3750,0.0163,2.9525,0.0001,15.9075,13.9349,-1.0000,0.0000,0.0101,0.0001,-1.0000,0.1000,0.0232,0.1696,0.6250,0.0015,-1.0000,0.1775,-1.0000,95.8700,0.0002
323793,"Egg, white, dried",Dairy and Egg Products,[],5.4700,0.1040,6.0200,0.0000,350.0000,376.0000,-1.0000,0.0000,0.0876,0.0000,-1.0000,12.8000,0.1070,0.9590,79.9000,1.2500,-1.0000,0.6500,-1.0000,7.9800,0.0004
323697,"Egg, white, raw, frozen, pasteurized",Dairy and Egg Products,[],0.7000,0.0090,0.7400,0.0000,45.0000,48.0000,-1.0000,0.0002,0.0106,0.0000,-1.0000,1.6100,0.0000,0.1300,10.1000,0.1440,-1.0000,0.1600,-1.0000,88.3000,0.0000
329490,"Egg, whole, dried",Dairy and Egg Products,[],6.2000,0.2200,1.8700,0.0000,558.0000,576.0000,-1.0000,0.0070,0.0446,0.0000,-1.0000,7.6900,0.7700,0.4680,48.1000,0.4850,-1.0000,39.8000,-1.0000,4.0700,0.0050
323604,"Egg, whole, raw, frozen, pasteurized",Dairy and Egg Products,[],1.1600,0.0550,0.9100,0.0000,146.0000,150.0000,-1.0000,0.0018,0.0112,0.0000,-1.0000,1.9700,0.1890,0.1170,12.3000,0.1210,-1.0000,10.3000,-1.0000,75.4000,0.0012
329716,"Egg, yolk, dried",Dairy and Egg Products,[],5.5400,0.2700,1.0700,0.0000,641.0000,654.0000,-1.0000,0.0093,0.0260,0.0000,-1.0000,5.4800,0.9820,0.2310,34.2000,0.1490,-1.0000,55.5000,-1.0000,3.6400,0.0071
329596,"Egg, yolk, raw, frozen, pasteurized",Dairy and Egg Products,[],2.6500,0.1190,0.5900,0.0000,291.0000,297.0000,-1.0000,0.0041,0.0112,0.0001,-1.0000,2.4900,0.4430,0.1020,15.6000,0.0660,-1.0000,25.1000,-1.0000,56.1000,0.0029
2685577,"Eggplant, raw",Vegetables and Vegetable Products,[],0.5188,0.0111,5.3993,0.0001,26.0848,22.3586,2.4480,0.0000,0.0135,0.0001,-1.0000,0.1363,0.0227,0.2221,0.8519,0.0004,-1.0000,0.1200,-1.0000,93.1100,0.0001
747997,"Eggs, Grade A, Large, egg white",Dairy and Egg Products,[],0.6500,-1.0000,2.3600,-1.0000,52.0000,55.0000,-1.0000,-1.0000,-1.0000,-1.0000,-1.0000,1.7100,-1.0000,-1.0000,10.7000,-1.0000,-1.0000,0.0000,-1.0000,86.3000,-1.0000
748967,"Eggs, Grade A, Large, egg whole",Dairy and Egg Products,[],0.8500,0.0480,0.9600,0.0000,143.0000,147.0000,0.0000,0.0017,0.0114,0.0000,0.0000,1.9900,0.1840,0.1320,12.4000,0.1290,0.0001,9.9600,0.0001,75.8000,0.0012
748236,"Eggs, Grade A, Large, egg yolk",Dairy and Egg Products,[],1.8900,-1.0000,1.0200,-1.0000,328.0000,334.0000,-1.0000,-1.0000,-1.0000,-1.0000,-1.0000,2.5900,-1.0000,-1.0000,16.2000,-1.0000,-1.0000,28.8000,-1.0000,52.1000,-1.0000
2710827,"Einkorn, grain, dry, raw",Cereal Grains and Pasta,[],1.8880,0.0414,68.6538,0.0005,369.3830,345.6802,8.9130,0.0037,0.1404,0.0042,0.0057,2.5930,0.4358,0.4318,15.1172,0.0000,0.0005,3.8110,0.0003,10.5300,0.0052
2710828,"Farro, pearled, dry, raw",Cereal Grains and Pasta,[],1.6560,0.0259,72.1316,0.0005,367.0110,344.0050,7.3100,0.0032,0.1188,0.0026,0.0058,2.1680,0.3675,0.3854,12.6394,0.0008,0.0004,3.1030,0.0002,10.4700,0.0040
326905,"Figs, dried, uncooked",Fruits and Fruit Juices,[],1.8600,0.1620,63.9000,0.0003,-1.0000,-1.0000,9.8000,0.0020,0.0676,0.0005,0.0006,0.5300,0.0670,0.6800,3.3000,0.0100,0.0001,0.9200,0.0001,30.0000,0.0007
746768,"Figs, dried, uncooked",Fruits and Fruit Juices,[],1.8600,0.1620,63.9000,0.0003,277.0000,249.0000,9.8000,0.0020,0.0676,0.0005,0.0006,0.5300,0.0670,0.6800,3.3000,0.0100,0.0001,0.9200,0.0001,30.0000,0.0007
2684445,"Fish, catfish, farm raised, raw",Finfish and Shellfish Products,[],0.9669,0.0078,0.0000,0.0000,129.1124,133.7875,-1.0000,0.0000,0.0206,0.0000,-1.0000,2.6350,0.1662,0.2923,16.4688,0.0605,-1.0000,7.3080,-1.0000,75.8900,0.0005
2684444,"Fish, cod, Atlantic, wild caught, raw",Finfish and Shellfish Products,[],1.4780,0.0066,0.0000,0.0000,65.9855,70.4771,-1.0000,0.0001,0.0180,0.0000,-1.0000,2.5710,0.2241,0.2451,16.0688,0.2988,-1.0000,0.6675,-1.0000,82.8600,0.0003
333374,"Fish, haddock, raw",Finfish and Shellfish Products,[],1.2800,0.0110,0.0000,0.0000,69.0000,74.0000,-1.0000,0.0002,0.0211,0.0000,0.0034,2.6100,0.2270,0.2860,16.3000,0.2130,0.0000,0.4500,0.0003,83.4000,0.0003
333476,"Fish, pollock, raw",Finfish and Shellfish Products,[],1.3600,0.0150,0.0000,0.0000,53.0000,56.0000,-1.0000,0.0002,0.0161,0.0000,0.0007,1.9700,0.2840,0.1600,12.3000,0.3330,0.0000,0.4100,0.0001,86.7000,0.0003
2684441,"Fish, salmon, Atlantic, farm raised, raw",Finfish and Shellfish Products,[],1.2240,0.0094,0.0000,0.0000,197.2940,203.1063,-1.0000,0.0003,0.0254,0.0000,-1.0000,3.2510,0.2303,0.3782,20.3188,0.0495,-1.0000,13.1100,-1.0000,65.8400,0.0003
2684440,"Fish, salmon, sockeye, wild caught, raw",Finfish and Shellfish Products,[],1.1640,0.0148,0.0000,0.0001,129.9840,136.2220,-1.0000,0.0004,0.0261,0.0000,-1.0000,3.5680,0.2263,0.3297,22.3000,0.0533,-1.0000,4.9360,-1.0000,72.5100,0.0004
2684442,"Fish, tilapia, farm raised, raw",Finfish and Shellfish Products,[],1.1540,0.0086,0.0000,0.0000,94.6590,99.9573,-1.0000,0.0000,0.0243,0.0000,-1.0000,3.0400,0.1594,0.3424,19.0000,0.0937,-1.0000,2.4790,-1.0000,78.2800,0.0003
334194,"Fish, tuna, light, canned in water, drained solids",Finfish and Shellfish Products,[],0.9800,0.0180,0.0800,0.0000,85.0000,90.0000,-1.0000,0.0017,0.0227,0.0000,0.0099,3.0400,0.1370,0.1760,19.0000,0.2190,0.0000,0.9400,0.0003,79.0000,0.0007
2262075,"Flaxseed, ground",Nut and Seed Products,[],3.5250,0.2299,34.3551,0.0013,545.0840,514.4434,23.1300,0.0058,0.3721,0.0024,0.0038,3.4030,0.5564,0.7934,18.0359,0.0367,0.0005,37.2800,0.0004,6.8040,0.0047
2003586,"Flour, 00",Cereal Grains and Pasta,[],0.4638,0.0187,74.4462,0.0002,357.0648,365.6107,2.6560,0.0010,0.0258,0.0006,0.0014,1.8240,0.1062,0.1355,11.4000,0.0000,0.0001,1.5200,0.0001,12.1700,0.0008
2261420,"Flour, almond",Nut and Seed Products,[],2.9610,0.2323,16.2492,0.0010,622.0420,577.6254,9.2660,0.0032,0.2511,0.0018,0.0040,4.1990,0.5121,0.6668,26.2437,0.0009,0.0001,50.2300,0.0001,4.3160,0.0028
2512371,"Flour, amaranth",Cereal Grains and Pasta,[],2.2900,0.1352,68.7787,0.0005,384.0760,377.9609,7.2090,0.0076,0.2327,0.0023,0.0007,2.2580,0.4249,0.3958,13.2093,0.0000,0.0001,6.2360,0.0004,9.4860,0.0030
2512376,"Flour, barley",Cereal Grains and Pasta,[],1.5310,0.0356,77.3983,0.0004,366.5300,357.1918,12.7900,0.0033,0.0880,0.0012,0.0059,1.4960,0.2344,0.3666,8.7217,0.0203,0.0002,2.4500,0.0002,9.8990,0.0021
790146,"Flour, bread, white, enriched, unbleached",Cereal Grains and Pasta,[],0.5000,0.0190,72.8000,0.0002,363.0000,372.0000,-1.0000,0.0056,0.0359,0.0008,0.0066,2.2900,0.1240,0.1270,14.3000,0.0030,0.0010,1.6500,0.0001,10.7000,0.0011
2512374,"Flour, buckwheat",Cereal Grains and Pasta,[],1.5730,0.0306,75.0181,0.0005,357.9680,334.3016,10.3500,0.0038,0.1674,0.0015,0.0038,1.5240,0.2819,0.3781,8.8849,0.0000,0.0002,2.4840,0.0002,12.0400,0.0018
2512377,"Flour, cassava",Vegetables and Vegetable Products,[],0.7150,0.0746,87.3130,0.0001,357.3690,358.5571,4.8340,0.0040,0.0336,0.0004,0.0006,0.1575,0.0392,0.1976,0.9182,0.0131,0.0001,0.4938,0.0000,10.5600,0.0004
2515377,"Flour, chestnut",Nut and Seed Products,[],2.3010,0.0558,80.4502,0.0006,384.6720,384.5809,8.7110,0.0016,0.0688,0.0029,-1.0000,0.9975,0.1342,1.0320,5.2867,0.0000,-1.0000,4.6360,-1.0000,7.3260,0.0010
2515382,"Flour, coconut",Nut and Seed Products,[],4.9890,0.0360,58.9025,0.0021,437.6840,423.6274,34.2400,0.0080,0.2477,0.0053,-1.0000,3.0450,0.5072,2.0880,16.1385,0.0469,-1.0000,15.2800,-1.0000,4.6900,0.0037
790276,"Flour, corn, yellow, fine meal, enriched",Cereal Grains and Pasta,[],0.4600,0.0000,80.8000,0.0001,364.0000,372.0000,4.3000,0.0044,0.0301,0.0002,0.0057,0.9900,0.0920,0.1440,6.2000,0.0000,0.0007,1.7400,0.0001,10.8000,0.0006
2261421,"Flour, oat, whole grain",Cereal Grains and Pasta,[],1.7460,0.0428,69.9172,0.0004,389.1250,386.4293,10.5000,0.0040,0.1253,0.0033,0.0019,2.1070,0.3718,0.3731,13.1687,0.0036,0.0004,6.3090,0.0001,8.8590,0.0028
1104913,"Flour, pastry, unenriched, unbleached",Cereal Grains and Pasta,[],0.5300,0.0170,77.2000,0.0002,359.0000,367.0000,-1.0000,0.0009,0.0224,0.0006,0.0010,1.4000,0.1020,0.1420,8.7500,0.0010,0.0001,1.6400,0.0001,11.9000,0.0007
2261422,"Flour, potato",Vegetables and Vegetable Products,[],2.7130,0.0441,79.9422,0.0002,360.7805,352.6822,5.4010,0.0120,0.0737,0.0007,0.0056,1.2980,0.1973,1.2690,8.1125,0.0477,0.0002,0.9513,0.0006,8.2810,0.0009
2512372,"Flour, quinoa",Cereal Grains and Pasta,[],2.0010,0.0376,69.5246,0.0005,385.1970,378.3940,6.2950,0.0045,0.1638,0.0020,0.0012,2.0450,0.3693,0.5509,11.9223,0.0063,0.0003,6.6010,0.0002,9.9510,0.0028
1104812,"Flour, rice, brown",Cereal Grains and Pasta,[],1.4000,0.0100,75.5000,0.0003,365.0000,368.0000,-1.0000,0.0015,0.1240,0.0028,0.0060,1.1500,0.3190,0.2650,7.1900,0.0010,0.0003,3.8500,0.0001,12.1000,0.0019
1104867,"Flour, rice, glutinous",Cereal Grains and Pasta,[],0.2200,0.0100,80.1000,0.0002,358.0000,368.0000,-1.0000,0.0003,0.0212,0.0010,0.0011,1.0700,0.0630,0.0800,6.6900,0.0060,0.0001,1.1600,0.0000,11.8000,0.0013
790214,"Flour, rice, white, unenriched",Cereal Grains and Pasta,[],0.3500,0.0060,79.8000,0.0002,359.0000,369.0000,0.5000,0.0002,0.0229,0.0009,0.0013,1.1100,0.0940,0.0750,6.9400,0.0050,0.0001,1.3000,0.0001,11.6000,0.0012
2512375,"Flour, rye",Cereal Grains and Pasta,[],1.4050,0.0322,77.1618,0.0003,359.4000,350.9620,13.6800,0.0025,0.0954,0.0021,0.0012,1.4400,0.2803,0.4340,8.3952,0.0000,0.0002,1.9080,0.0002,11.1300,0.0023
2003588,"Flour, semolina, coarse and semi-coarse",Cereal Grains and Pasta,[],0.6083,0.0172,73.8234,0.0002,356.5918,365.0311,3.2160,0.0015,0.0352,0.0006,0.0036,1.8770,0.1298,0.1738,11.7312,0.0000,0.0004,1.5970,0.0001,12.2400,0.0009
2003589,"Flour, semolina, fine",Cereal Grains and Pasta,[],0.7350,0.0198,71.9857,0.0003,357.8100,365.9569,3.6830,0.0024,0.0463,0.0008,0.0056,2.1330,0.1631,0.2078,13.3313,0.0004,0.0007,1.8380,0.0001,12.1100,0.0012
2512373,"Flour, sorghum",Cereal Grains and Pasta,[],1.3360,0.0114,77.3912,0.0002,374.9300,363.8590,6.0190,0.0037,0.1164,0.0011,0.0040,1.4190,0.2619,0.3351,8.2728,0.0000,0.0003,3.5860,0.0002,9.4140,0.0017
1104705,"Flour, soy, defatted",Legumes and Legume Products,[],6.4500,0.3380,32.9000,0.0015,366.0000,339.0000,-1.0000,0.0073,0.3130,0.0038,0.0034,8.1800,0.7260,2.4800,51.1000,0.0020,0.0005,3.3300,0.0006,6.2400,0.0044
1104766,"Flour, soy, full-fat",Legumes and Legume Products,[],4.9200,0.2580,27.9000,0.0011,452.0000,421.0000,-1.0000,0.0095,0.2540,0.0032,0.0027,6.1800,0.6070,1.8600,38.6000,0.0020,0.0004,20.7000,0.0003,7.8500,0.0037
2003587,"Flour, spelt, whole grain",Cereal Grains and Pasta,[],1.5390,0.0300,70.7230,0.0005,363.6790,340.5831,9.3390,0.0038,0.1238,0.0029,0.0055,2.3160,0.3617,0.3498,14.4750,0.0000,0.0003,2.5430,0.0002,10.7200,0.0036
789890,"Flour, wheat, all-purpose, enriched, bleached",Cereal Grains and Pasta,[],0.4200,0.0190,77.3000,0.0002,366.0000,375.0000,-1.0000,0.0056,0.0267,0.0008,0.0067,1.7500,0.1080,0.1360,10.9000,0.0020,0.0009,1.4800,0.0001,9.8300,0.0007
789951,"Flour, wheat, all-purpose, enriched, unbleached",Cereal Grains and Pasta,[],0.5300,0.0210,73.2000,0.0002,359.0000,367.0000,-1.0000,0.0054,0.0333,0.0009,0.0071,2.1000,0.1150,0.1350,13.1000,0.0040,0.0011,1.4800,0.0001,11.7000,0.0009
790018,"Flour, wheat, all-purpose, unenriched, unbleached",Cereal Grains and Pasta,[],0.5600,0.0220,74.6000,0.0002,362.0000,370.0000,3.0000,0.0012,0.0361,0.0008,0.0016,1.9200,0.1340,0.1500,12.0000,0.0020,0.0003,1.7000,0.0001,11.1000,0.0011
790085,"Flour, whole wheat, unenriched",Cereal Grains and Pasta,[],1.5600,0.0380,71.2000,0.0005,370.0000,346.0000,10.6000,0.0039,0.1360,0.0036,0.0056,2.4100,0.3520,0.3760,15.1000,0.0030,0.0005,2.7300,0.0003,9.4400,0.0032
2710829,"Fonio, grain, dry, raw",Cereal Grains and Pasta,[],0.4600,0.0117,81.3053,0.0004,369.1330,376.8911,2.1970,0.0027,0.0391,0.0004,0.0007,1.1470,0.0932,0.0438,7.1688,0.0030,0.0001,1.6930,0.0000,9.3730,0.0018
323121,"Frankfurter, beef, unheated",Sausages and Luncheon Meats,[],2.7400,0.0150,2.8900,0.0000,310.0000,314.0000,-1.0000,0.0011,0.0115,0.0000,0.0023,1.8700,0.1280,0.3430,11.7000,0.8720,0.0000,28.0000,0.0001,54.6000,0.0021
1104647,"Garlic, raw",Vegetables and Vegetable Products,[],1.7100,-1.0000,28.2000,-1.0000,143.0000,130.0000,2.7000,-1.0000,-1.0000,-1.0000,-1.0000,1.0600,-1.0000,-1.0000,6.6200,-1.0000,-1.0000,0.3800,-1.0000,63.1000,-1.0000
2003592,"Grape juice, purple, with added vitamin C, from concentrate, shelf stable",Fruits and Fruit Juices,[],0.1219,0.0097,15.6228,0.0000,66.1099,64.5140,-1.0000,0.0000,0.0079,0.0002,0.0000,0.0413,0.0119,0.0498,0.2578,0.0040,0.0000,0.2875,0.0000,83.7100,0.0001
2003593,"Grape juice, white, with added vitamin C, from concentrate, shelf stable",Fruits and Fruit Juices,[],0.1375,0.0073,15.8438,0.0000,66.1350,64.6406,-1.0000,0.0001,0.0043,0.0001,0.0000,0.0150,0.0126,0.0490,0.0938,0.0072,0.0000,0.2650,0.0000,83.6600,0.0000
2003595,"Grapefruit juice, red, not fortified, not from concentrate, refrigerated",Fruits and Fruit Juices,[],0.2206,0.0089,9.1022,0.0000,41.0921,39.8308,-1.0000,0.0000,0.0077,0.0000,0.0000,0.0912,0.0146,0.1283,0.5703,0.0010,0.0000,0.2669,0.0000,89.8400,0.0000
325287,"Grapefruit juice, white, canned or bottled, unsweetened",Fruits and Fruit Juices,[],0.2900,0.0160,7.5900,0.0000,39.0000,37.0000,0.2000,0.0001,0.0096,0.0000,0.0003,0.0900,0.0170,0.1410,0.5500,0.0010,0.0001,0.7000,0.0000,90.9000,0.0000
2263891,"Grapes, green, seedless, raw",Fruits and Fruit Juices,[],0.3850,0.0099,18.6038,0.0001,80.1025,71.9393,-1.0000,0.0002,0.0071,0.0001,-1.0000,0.1438,0.0220,0.2181,0.8988,0.0032,-1.0000,0.2325,-1.0000,79.8800,0.0000
2346413,"Grapes, green, seedless, raw",Fruits and Fruit Juices,[],0.3850,0.0099,18.6038,0.0001,80.1025,71.9393,-1.0000,0.0002,0.0071,0.0001,-1.0000,0.1438,0.0220,0.2181,0.8988,0.0032,-1.0000,0.2325,-1.0000,79.8800,0.0000
2263890,"Grapes, red, seedless, raw",Fruits and Fruit Juices,[],0.5350,0.0102,20.1968,0.0001,85.9190,77.1519,-1.0000,0.0002,0.0086,0.0001,-1.0000,0.1463,0.0249,0.2294,0.9144,0.0070,-1.0000,0.1638,-1.0000,78.1900,0.0000
2346412,"Grapes, red, seedless, raw",Fruits and Fruit Juices,[],0.5350,0.0102,20.1968,0.0001,85.9190,77.1519,-1.0000,0.0002,0.0086,0.0001,-1.0000,0.1463,0.0249,0.2294,0.9144,0.0070,-1.0000,0.1638,-1.0000,78.1900,0.0000
2727585,"Green onion, (scallion), bulb and greens, root removed, raw",Vegetables and Vegetable Products,[],0.6269,0.0594,-1.0000,0.0000,-1.0000,-1.0000,-1.0000,0.0010,0.0189,0.0003,-1.0000,0.1070,0.0279,0.2320,0.6687,0.0099,-1.0000,-1.0000,-1.0000,91.6700,0.0002
332397,"Ham, sliced, pre-packaged, deli meat (96%fat free, water added)",Sausages and Luncheon Meats,[],3.6100,0.0050,0.2700,0.0001,101.0000,106.0000,-1.0000,0.0006,0.0188,0.0000,-1.0000,2.6700,0.2610,0.4250,16.7000,1.0400,-1.0000,3.7300,-1.0000,75.7000,0.0015
746952,"Ham, sliced, restaurant",Pork Products,[],3.6300,0.0060,2.3600,0.0000,121.0000,126.0000,-1.0000,0.0009,0.0203,0.0000,-1.0000,3.1400,0.2460,0.4840,19.6000,1.0300,-1.0000,3.6800,-1.0000,70.7000,0.0018
321358,"Hummus, commercial",Legumes and Legume Products,[],1.9700,0.0410,14.9000,0.0003,243.0000,229.0000,5.4000,0.0024,0.0711,0.0011,0.0009,1.1800,0.1660,0.2890,7.3500,0.4380,0.0001,17.1000,0.0001,58.7000,0.0014
2727588,"Juice, pomegranate, from concentrate, shelf-stable",Fruits and Fruit Juices,[],0.4013,0.0110,-1.0000,0.0000,-1.0000,-1.0000,-1.0000,0.0000,0.0069,0.0001,-1.0000,0.0000,0.0089,0.1656,0.0000,0.0040,-1.0000,-1.0000,-1.0000,84.0800,0.0001
2727587,"Juice, prune, shelf-stable",Fruits and Fruit Juices,[],0.4610,0.0162,-1.0000,0.0000,-1.0000,-1.0000,-1.0000,0.0004,0.0152,0.0001,-1.0000,0.0676,0.0191,0.2156,0.4226,0.0103,-1.0000,-1.0000,0.0001,81.3100,0.0001
2727589,"Juice, tart cherry, from concentrate, shelf-stable",Fruits and Fruit Juices,[],0.4225,0.0162,-1.0000,0.0000,-1.0000,-1.0000,-1.0000,0.0002,0.0121,0.0001,-1.0000,0.0234,0.0161,0.1698,0.1466,0.0014,-1.0000,-1.0000,-1.0000,85.7000,0.0000
326196,"Kale, frozen, cooked, boiled, drained, without salt",Vegetables and Vegetable Products,[],0.7300,0.1500,5.3000,0.0001,44.0000,36.0000,-1.0000,0.0008,0.0250,0.0005,0.0005,0.4700,0.0420,0.1440,2.9400,0.0160,0.0001,1.2100,0.0001,89.8000,0.0003
323505,"Kale, raw",Vegetables and Vegetable Products,[],1.5400,0.2540,4.4200,0.0001,43.0000,35.0000,4.1000,0.0016,0.0327,0.0009,0.0012,0.4700,0.0550,0.3480,2.9200,0.0530,0.0001,1.4900,0.0001,89.6000,0.0004
747693,"Ketchup, restaurant",Vegetables and Vegetable Products,[],3.0200,0.0140,26.8000,0.0001,117.0000,103.0000,-1.0000,0.0004,0.0135,0.0001,-1.0000,0.1800,0.0250,0.2490,1.1100,0.9490,-1.0000,0.5500,-1.0000,68.5000,0.0002
2710830,"Khorasan, grain, dry, raw",Cereal Grains and Pasta,[],1.7490,0.0241,71.7943,0.0006,371.4000,347.7914,10.5200,0.0039,0.1301,0.0033,0.0067,2.5310,0.3708,0.4505,14.7557,0.0039,0.0005,2.8000,0.0003,8.9010,0.0045
2710831,"Kiwifruit (kiwi), green, peeled, raw",Fruits and Fruit Juices,[],0.7038,0.0244,13.8181,0.0001,65.0648,58.4892,2.1290,0.0000,0.0148,0.0001,-1.0000,0.1613,0.0276,0.3015,1.0081,0.0023,-1.0000,0.6400,-1.0000,83.8300,0.0005
327046,"Kiwifruit, green, raw",Fruits and Fruit Juices,[],0.6300,0.0350,14.0000,0.0001,64.0000,58.0000,3.0000,0.0002,0.0157,0.0001,0.0004,0.1700,0.0340,0.1980,1.0600,0.0050,0.0000,0.4400,0.0001,83.9000,0.0001
2727570,"Lamb, ground, raw","Lamb, Veal, and Game Products",[],0.8583,0.0066,-0.2508,0.0001,236.6068,241.7271,-1.0000,0.0016,0.0175,0.0000,-1.0000,2.7940,0.1558,0.2721,17.4625,0.0535,-1.0000,18.6400,-1.0000,63.2900,0.0031
2727584,"Leeks, bulb and greens, root removed, raw",Vegetables and Vegetable Products,[],0.8188,0.0514,-1.0000,0.0001,-1.0000,-1.0000,-1.0000,0.0008,0.0157,0.0001,-1.0000,0.2348,0.0346,0.3190,1.4675,0.0177,-1.0000,-1.0000,0.0002,87.4300,0.0003
2644283,"Lentils, dry",Legumes and Legume Products,[],2.8840,0.0619,62.1713,0.0008,360.2850,350.9328,-1.0000,0.0072,0.1067,0.0016,-1.0000,3.7710,0.3736,0.9489,23.5688,0.0000,-1.0000,1.9250,-1.0000,9.4510,0.0039
746769,"Lettuce, cos or romaine, raw",Vegetables and Vegetable Products,[],0.5500,0.0350,3.2400,0.0000,20.0000,17.0000,1.8000,0.0009,0.0137,0.0001,0.0003,0.2000,0.0300,0.2530,1.2400,-1.0000,0.0001,0.2600,0.0001,94.7000,0.0003
327923,"Lettuce, cos or romaine, raw",Vegetables and Vegetable Products,[],0.5500,0.0350,3.2400,0.0000,-1.0000,-1.0000,1.8000,0.0009,0.0137,0.0001,0.0003,0.2000,0.0300,0.2530,1.2400,-1.0000,0.0001,0.2600,0.0001,94.7000,0.0003
2346388,"Lettuce, iceberg, raw",Vegetables and Vegetable Products,[],0.3150,0.0142,3.3687,0.0000,17.1088,14.4554,-1.0000,0.0000,0.0063,0.0001,0.0002,0.1188,0.0192,0.1393,0.7425,0.0161,0.0001,0.0737,0.0000,95.5000,0.0002
2346391,"Lettuce, leaf, green, raw",Vegetables and Vegetable Products,[],0.6738,0.0398,4.0662,0.0000,22.0463,18.4931,-1.0000,0.0003,0.0128,0.0002,0.0004,0.1750,0.0266,0.2771,1.0938,0.0289,0.0001,0.1563,0.0001,94.0100,0.0003
2346390,"Lettuce, leaf, red, raw",Vegetables and Vegetable Products,[],0.7000,0.0426,3.2606,0.0000,17.5315,14.6848,-1.0000,0.0004,0.0124,0.0002,0.0003,0.1413,0.0244,0.3214,0.8831,0.0249,0.0001,0.1063,0.0001,95.0500,0.0003
2346389,"Lettuce, romaine, green, raw",Vegetables and Vegetable Products,[],0.6063,0.0276,4.0556,0.0000,20.7710,17.4583,-1.0000,0.0003,0.0121,0.0002,0.0004,0.1563,0.0234,0.2604,0.9769,0.0230,0.0001,0.0712,0.0001,94.2900,0.0003
2710832,"Mandarin, seedless, peeled, raw",Fruits and Fruit Juices,[],0.4313,0.0440,13.4218,0.0000,61.9623,55.6401,1.3280,0.0000,0.0126,0.0001,-1.0000,0.1663,0.0197,0.1672,1.0394,0.0000,-1.0000,0.4575,-1.0000,84.6500,0.0001
2710834,"Mango, Ataulfo, peeled, raw",Fruits and Fruit Juices,[],0.4450,0.0100,17.3962,0.0001,78.4665,70.6388,1.2890,0.0000,0.0106,0.0001,-1.0000,0.1100,0.0177,0.2044,0.6875,0.0000,-1.0000,0.6813,0.0001,80.7900,0.0001
2710833,"Mango, Tommy Atkins, peeled, raw",Fruits and Fruit Juices,[],0.4000,0.0124,15.2650,0.0001,68.4625,61.6358,1.7530,0.0000,0.0103,0.0001,-1.0000,0.0900,0.0164,0.1650,0.5625,0.0000,-1.0000,0.5725,0.0001,83.2000,0.0001
327198,"Melons, cantaloupe, raw",Fruits and Fruit Juices,[],0.6300,0.0090,8.1600,0.0001,-1.0000,-1.0000,0.8000,0.0004,0.0130,0.0000,0.0007,0.1300,0.0170,0.1570,0.8200,0.0300,0.0000,0.1800,0.0000,90.2000,0.0004
746770,"Melons, cantaloupe, raw",Fruits and Fruit Juices,[],0.6300,0.0090,8.1600,0.0001,38.0000,34.0000,0.8000,0.0004,0.0130,0.0000,0.0007,0.1300,0.0170,0.1570,0.8200,0.0300,0.0000,0.1800,0.0000,90.2000,0.0004
2710816,"Melons, honeydew, raw",Fruits and Fruit Juices,[],0.5125,0.0066,8.1500,0.0000,36.6715,32.9353,-1.0000,0.0000,0.0095,0.0000,-1.0000,0.0850,0.0117,0.2089,0.5312,0.0211,-1.0000,0.2163,-1.0000,90.5900,0.0001
746772,"Milk, lowfat, fluid, 1% milkfat, with added vitamin A and vitamin D",Dairy and Egg Products,[],0.8000,0.1260,5.1800,0.0000,43.0000,43.0000,-1.0000,0.0000,0.0120,0.0000,0.0001,0.5300,0.1030,0.1590,3.3800,0.0390,0.0001,0.9500,0.0001,89.7000,0.0004
322228,"Milk, lowfat, fluid, 1% milkfat, with added vitamin A and vitamin D",Dairy and Egg Products,[],0.8000,0.1260,5.1900,0.0000,-1.0000,-1.0000,-1.0000,0.0000,0.0120,0.0000,0.0001,0.5300,0.1030,0.1590,3.3800,0.0390,0.0001,0.9500,0.0001,89.7000,0.0004
746776,"Milk, nonfat, fluid, with added vitamin A and vitamin D (fat free or skim)",Dairy and Egg Products,[],0.7700,0.1320,4.9200,0.0000,34.0000,34.0000,-1.0000,0.0000,0.0125,0.0000,0.0001,0.5400,0.1070,0.1670,3.4300,0.0410,0.0001,0.0800,0.0001,90.8000,0.0005
322559,"Milk, nonfat, fluid, with added vitamin A and vitamin D (fat free or skim)",Dairy and Egg Products,[],0.7700,0.1320,4.8900,0.0000,-1.0000,-1.0000,-1.0000,0.0000,0.0125,0.0000,0.0001,0.5400,0.1070,0.1670,3.4300,0.0410,0.0001,0.0800,0.0001,90.8000,0.0005
321359,"Milk, reduced fat, fluid, 2% milkfat, with added vitamin A and vitamin D",Dairy and Egg Products,[],0.7500,0.1260,4.9100,0.0000,-1.0000,-1.0000,-1.0000,0.0000,0.0120,0.0000,0.0001,0.5300,0.1030,0.1590,3.3500,0.0390,0.0001,1.9000,0.0001,89.1000,0.0004
746778,"Milk, reduced fat, fluid, 2% milkfat, with added vitamin A and vitamin D",Dairy and Egg Products,[],0.7500,0.1260,4.9000,0.0000,50.0000,50.0000,-1.0000,0.0000,0.0120,0.0000,0.0001,0.5300,0.1030,0.1590,3.3600,0.0390,0.0001,1.9000,0.0001,89.1000,0.0004
746782,"Milk, whole, 3.25% milkfat, with added vitamin D",Dairy and Egg Products,[],0.8000,0.1230,4.6300,0.0000,61.0000,60.0000,-1.0000,0.0000,0.0119,0.0000,0.0001,0.5100,0.1010,0.1500,3.2700,0.0380,0.0001,3.2000,0.0001,88.1000,0.0004
322892,"Milk, whole, 3.25% milkfat, with added vitamin D",Dairy and Egg Products,[],0.8000,0.1230,4.6700,0.0000,-1.0000,-1.0000,-1.0000,0.0000,0.0119,0.0000,0.0001,0.5100,0.1010,0.1500,3.2800,0.0380,0.0001,3.2000,0.0001,88.1000,0.0004
2512379,"Millet, whole grain",Cereal Grains and Pasta,[],1.1280,0.0091,74.4462,0.0005,375.6180,380.6065,2.6190,0.0025,0.1055,0.0009,0.0049,1.7190,0.2579,0.2141,10.0218,0.0000,0.0004,4.1940,0.0002,10.2100,0.0023
2003603,"Mushroom, beech",Vegetables and Vegetable Products,[],0.7613,0.0004,6.7593,0.0001,39.8018,32.9954,3.1390,0.0007,0.0105,0.0002,0.0064,0.3488,0.0859,0.3759,2.1800,0.0009,0.0000,0.4494,0.0001,89.8500,0.0005
2003601,"Mushroom, crimini",Vegetables and Vegetable Products,[],0.8750,0.0041,4.0145,0.0003,30.2035,23.7226,1.7810,0.0003,0.0103,0.0001,0.0042,0.4950,0.1005,0.3803,3.0938,0.0046,0.0000,0.1967,0.0001,91.8200,0.0005
2003600,"Mushroom, enoki",Vegetables and Vegetable Products,[],0.9067,0.0014,8.1414,0.0001,44.4382,36.7150,2.9450,0.0013,0.0128,0.0001,0.0070,0.3867,0.0841,0.4023,2.4169,0.0004,0.0000,0.2450,0.0001,88.2900,0.0005
2003599,"Mushroom, king oyster",Vegetables and Vegetable Products,[],0.6556,0.0000,8.5007,0.0000,46.3951,38.4604,3.0090,0.0003,0.0135,0.0001,0.0065,0.3850,0.0899,0.2945,2.4062,0.0008,0.0000,0.3075,0.0001,88.1300,0.0006
1750344,"Mushroom, lion's mane",Vegetables and Vegetable Products,[],1.0840,0.0000,7.5897,0.0002,42.6655,35.1074,-1.0000,0.0007,0.0117,0.0002,0.0016,0.4000,0.0940,0.4433,2.5000,0.0003,0.0001,0.2563,0.0001,88.5700,0.0007
1999626,"Mushroom, lion's mane",Vegetables and Vegetable Products,[],1.0840,0.0000,7.5897,0.0002,42.6655,35.1074,4.3760,0.0007,0.0117,0.0002,0.0016,0.4000,0.0940,0.4433,2.5000,0.0003,0.0001,0.2563,0.0001,88.5700,0.0007
2003602,"Mushroom, maitake",Vegetables and Vegetable Products,[],0.5575,0.0000,6.6044,0.0003,37.6150,30.9735,3.0710,0.0002,0.0110,0.0001,0.0068,0.3525,0.0724,0.2600,2.2031,0.0003,0.0000,0.2650,0.0001,90.3700,0.0008
1999627,"Mushroom, oyster",Vegetables and Vegetable Products,[],0.7325,0.0000,6.9413,0.0001,41.0475,33.3197,2.8500,0.0007,0.0139,0.0001,0.0058,0.4638,0.0862,0.2816,2.8988,0.0011,0.0001,0.1875,0.0001,89.2400,0.0007
1750345,"Mushroom, oyster",Vegetables and Vegetable Products,[],0.7325,0.0000,6.9413,0.0001,41.0475,33.3197,-1.0000,0.0007,0.0139,0.0001,0.0058,0.4638,0.0862,0.2816,2.8988,0.0011,0.0001,0.1875,0.0001,89.2400,0.0007
2003604,"Mushroom, pioppini",Vegetables and Vegetable Products,[],0.9363,0.0000,5.7637,0.0003,39.2148,31.2365,2.7530,0.0005,0.0160,0.0001,0.0062,0.5600,0.1206,0.3924,3.5000,0.0000,0.0000,0.2400,0.0001,89.5600,0.0009
2003598,"Mushroom, portabella",Vegetables and Vegetable Products,[],0.8000,0.0032,4.6583,0.0002,32.4385,26.0248,1.8790,0.0001,0.0090,0.0000,0.0039,0.4400,0.0875,0.3493,2.7500,0.0053,0.0000,0.3117,0.0001,91.4800,0.0004
1750346,"Mushrooms, shiitake",Vegetables and Vegetable Products,[],0.6200,0.0008,8.1706,0.0000,44.0950,36.3916,-1.0000,0.0001,0.0141,0.0002,0.0027,0.3863,0.0758,0.2430,2.4144,0.0009,0.0000,0.1950,0.0002,88.6000,0.0008
1999628,"Mushrooms, shiitake",Vegetables and Vegetable Products,[],0.6200,0.0008,8.1706,0.0000,44.0950,36.3916,4.1660,0.0001,0.0141,0.0002,0.0027,0.3863,0.0758,0.2430,2.4144,0.0009,0.0000,0.1950,0.0002,88.6000,0.0008
1999629,"Mushrooms, white button",Vegetables and Vegetable Products,[],0.8292,0.0055,4.0794,0.0004,31.2172,24.8733,1.7170,0.0002,0.0102,0.0001,0.0039,0.4625,0.0930,0.3730,2.8906,0.0064,0.0001,0.3708,0.0001,91.8300,0.0005
1750347,"Mushrooms, white button",Vegetables and Vegetable Products,[],0.8292,0.0055,4.0794,0.0004,31.2172,24.8733,-1.0000,0.0002,0.0102,0.0001,0.0039,0.4625,0.0930,0.3730,2.8906,0.0064,0.0001,0.3708,0.0001,91.8300,0.0005
326698,"Mustard, prepared, yellow",Spices and Herbs,[],3.3700,0.0630,5.3000,0.0001,69.0000,61.0000,4.3000,0.0016,0.0477,0.0004,0.0006,0.6800,0.1080,0.1500,4.2500,1.1000,0.0002,3.3800,0.0001,83.7000,0.0006
327357,"Nectarines, raw",Fruits and Fruit Juices,[],0.4800,0.0020,9.1800,0.0001,43.0000,39.0000,1.5000,0.0003,0.0088,0.0000,0.0011,0.1700,0.0260,0.1310,1.0600,0.0130,0.0000,0.2800,0.0000,89.0000,0.0002
323294,"Nuts, almonds, dry roasted, with salt added",Nut and Seed Products,[],3.4700,0.2730,16.2000,0.0009,667.0000,621.0000,11.0000,0.0032,0.2580,0.0020,0.0031,3.9400,0.4560,0.6840,20.4000,0.2560,0.0001,57.8000,0.0001,2.2000,0.0028
2346393,"Nuts, almonds, whole, raw",Nut and Seed Products,[],3.1640,0.2536,20.0346,0.0009,625.7500,583.5970,10.7800,0.0037,0.2576,0.0021,0.0038,4.1410,0.5029,0.7328,21.4504,0.0000,0.0002,51.0900,0.0001,4.2610,0.0029
2515373,"Nuts, brazilnuts, raw",Nut and Seed Products,[],3.6260,0.1678,21.6422,0.0017,663.5860,620.9505,5.9840,0.0025,0.3513,0.0013,-1.0000,2.7540,0.7069,0.5925,15.0368,0.0000,-1.0000,57.4300,-1.0000,2.2650,0.0038
2515374,"Nuts, cashew nuts, raw",Nut and Seed Products,[],2.5980,0.0420,36.2887,0.0022,564.6640,533.4780,4.1040,0.0060,0.2506,0.0019,-1.0000,3.2910,0.5322,0.6383,17.4423,0.0048,-1.0000,38.8600,-1.0000,4.8110,0.0051
2515375,"Nuts, hazelnuts or filberts, raw",Nut and Seed Products,[],2.2060,0.1347,26.5012,0.0014,641.3900,602.3947,8.4100,0.0035,0.1558,0.0061,-1.0000,2.5460,0.3211,0.6359,13.4938,0.0000,-1.0000,53.4900,-1.0000,4.3090,0.0023
2515378,"Nuts, macadamia nuts, raw",Nut and Seed Products,[],1.3610,0.0527,24.0943,0.0004,711.8900,668.5443,7.5630,0.0019,0.1068,0.0113,-1.0000,1.4690,0.2084,0.3726,7.7857,0.0000,-1.0000,64.9300,-1.0000,1.8290,0.0012
2346395,"Nuts, pecans, halves, raw",Nut and Seed Products,[],1.4390,0.0548,12.6993,0.0009,750.1520,699.5964,5.7930,0.0024,0.1029,0.0023,0.0009,1.8790,0.2527,0.3603,9.9587,0.0000,0.0005,73.2800,0.0002,2.6230,0.0039
2346392,"Nuts, pine nuts, raw",Nut and Seed Products,[],2.5090,0.0087,18.5921,0.0011,688.6140,642.9923,3.9410,0.0054,0.2059,0.0103,0.0045,2.9630,0.5400,0.6548,15.7039,0.0000,0.0006,61.2700,0.0003,1.9250,0.0057
2515379,"Nuts, pistachio nuts, raw",Nut and Seed Products,[],2.8300,0.1174,27.6943,0.0011,597.9800,560.6880,6.9690,0.0035,0.1097,0.0011,-1.0000,3.8690,0.4996,0.9470,20.5057,0.0000,-1.0000,45.0200,-1.0000,3.9500,0.0022
2346394,"Nuts, walnuts, English, halves, raw",Nut and Seed Products,[],1.6410,0.0883,10.9096,0.0012,729.5560,678.6643,5.2100,0.0022,0.1424,0.0030,0.0012,2.7480,0.3651,0.4235,14.5644,0.0000,0.0002,69.7400,0.0007,3.1450,0.0028
2257046,"Oat milk, unsweetened, plain, refrigerated",Beverages,[],0.7938,0.1485,5.1003,0.0000,48.3298,-1.0000,0.0000,0.0003,0.0059,0.0001,0.0001,0.1275,0.0892,0.1484,0.7969,0.0420,0.0000,2.7490,0.0000,90.5600,0.0001
2346396,"Oats, whole grain, rolled, old fashioned",Cereal Grains and Pasta,[],1.7060,0.0455,68.6576,0.0004,381.6260,378.8661,-1.0000,0.0043,0.1263,0.0032,0.0010,2.3150,0.3873,0.3501,13.4964,0.0007,0.0004,5.8900,0.0001,10.2500,0.0027
2346397,"Oats, whole grain, steel cut",Cereal Grains and Pasta,[],1.7980,0.0513,69.7508,0.0004,381.2480,379.2081,-1.0000,0.0038,0.1286,0.0034,0.0009,2.1460,0.4173,0.3759,12.5112,0.0003,0.0003,5.8000,0.0001,10.1400,0.0028
748278,"Oil, canola",Fats and Oils,[],-1.0000,-1.0000,-1.0000,-1.0000,-1.0000,-1.0000,-1.0000,-1.0000,-1.0000,-1.0000,-1.0000,-1.0000,-1.0000,-1.0000,-1.0000,-1.0000,-1.0000,-1.0000,-1.0000,-1.0000,-1.0000
330458,"Oil, coconut",Fats and Oils,[],0.0300,0.0010,0.8400,0.0000,895.0000,833.0000,-1.0000,0.0001,0.0000,0.0000,-1.0000,0.0000,0.0000,0.0000,0.0000,0.0000,-1.0000,99.1000,-1.0000,0.0300,0.0000
748323,"Oil, corn",Fats and Oils,[],-1.0000,-1.0000,-1.0000,-1.0000,-1.0000,-1.0000,-1.0000,-1.0000,-1.0000,-1.0000,-1.0000,-1.0000,-1.0000,-1.0000,-1.0000,-1.0000,-1.0000,-1.0000,-1.0000,-1.0000,-1.0000
1750351,"Oil, olive, extra light",Fats and Oils,[],-1.0000,-1.0000,-1.0000,-1.0000,-1.0000,-1.0000,-1.0000,-1.0000,-1.0000,-1.0000,-1.0000,-1.0000,-1.0000,-1.0000,-1.0000,-1.0000,-1.0000,-1.0000,-1.0000,-1.0000,-1.0000
748608,"Oil, olive, extra virgin",Fats and Oils,[],-1.0000,-1.0000,-1.0000,-1.0000,-1.0000,-1.0000,-1.0000,-1.0000,-1.0000,-1.0000,-1.0000,-1.0000,-1.0000,-1.0000,-1.0000,-1.0000,-1.0000,-1.0000,-1.0000,-1.0000,-1.0000
1750348,"Oil, peanut",Fats and Oils,[],-1.0000,-1.0000,-1.0000,-1.0000,-1.0000,-1.0000,-1.0000,-1.0000,-1.0000,-1.0000,-1.0000,-1.0000,-1.0000,-1.0000,-1.0000,-1.0000,-1.0000,-1.0000,-1.0000,-1.0000,-1.0000
1750350,"Oil, safflower",Fats and Oils,[],-1.0000,-1.0000,-1.0000,-1.0000,-1.0000,-1.0000,-1.0000,-1.0000,-1.0000,-1.0000,-1.0000,-1.0000,-1.0000,-1.0000,-1.0000,-1.0000,-1.0000,-1.0000,-1.0000,-1.0000,-1.0000
748366,"Oil, soybean",Fats and Oils,[],-1.0000,-1.0000,-1.0000,-1.0000,-1.0000,-1.0000,-1.0000,-1.0000,-1.0000,-1.0000,-1.0000,-1.0000,-1.0000,-1.0000,-1.0000,-1.0000,-1.0000,-1.0000,-1.0000,-1.0000,-1.0000
1750349,"Oil, sunflower",Fats and Oils,[],-1.0000,-1.0000,-1.0000,-1.0000,-1.0000,-1.0000,-1.0000,-1.0000,-1.0000,-1.0000,-1.0000,-1.0000,-1.0000,-1.0000,-1.0000,-1.0000,-1.0000,-1.0000,-1.0000,-1.0000,-1.0000
332791,"Olives, green, Manzanilla, stuffed with pimiento",Fruits and Fruit Juices,[],4.2900,0.1210,4.9600,0.0001,141.0000,130.0000,4.0000,0.0003,0.0124,0.0000,0.0001,0.1800,0.0070,0.0430,1.1500,1.6200,0.0000,12.9000,0.0000,76.7000,0.0001
324317,"Onion rings, breaded, par fried, frozen, prepared, heated in oven",Vegetables and Vegetable Products,[],1.4400,0.0280,36.3000,0.0001,293.0000,289.0000,2.4000,0.0011,0.0204,0.0004,0.0016,0.7400,0.0750,0.1350,4.5200,0.3740,0.0002,14.4000,0.0001,43.4000,0.0006
790577,"Onions, red, raw",Vegetables and Vegetable Products,[],0.4300,0.0170,9.9300,0.0001,44.0000,42.0000,2.2000,0.0002,0.0114,0.0001,-1.0000,-1.0000,0.0410,0.1970,0.9400,0.0010,-1.0000,0.1000,-1.0000,88.6000,0.0002
1104962,"Onions, white, raw",Vegetables and Vegetable Products,[],0.0000,0.0210,7.6800,0.0000,36.0000,33.0000,1.2000,0.0001,0.0093,0.0001,-1.0000,0.1400,0.0290,0.1410,0.8900,0.0020,-1.0000,0.1300,-1.0000,91.3000,0.0001
790646,"Onions, yellow, raw",Vegetables and Vegetable Products,[],0.4100,0.0150,8.6100,0.0000,38.0000,36.0000,1.9000,0.0003,0.0090,0.0001,-1.0000,-1.0000,0.0340,0.1820,0.8300,0.0010,-1.0000,0.0500,-1.0000,90.1000,0.0002
2003591,"Orange juice, no pulp, not fortified, from concentrate, refrigerated",Fruits and Fruit Juices,[],0.3500,0.0128,10.3406,0.0000,47.2250,45.7230,-1.0000,0.0001,0.0106,0.0000,0.0000,0.1175,0.0181,0.1795,0.7344,0.0052,0.0001,0.3250,0.0000,88.2500,0.0000
2003597,"Orange juice, no pulp, not fortified, not from concentrate, refrigerated",Fruits and Fruit Juices,[],0.3388,0.0093,10.0124,0.0000,46.5063,44.9608,-1.0000,0.0001,0.0103,0.0000,0.0000,0.1300,0.0190,0.1828,0.8125,0.0001,0.0001,0.3563,0.0000,88.4800,0.0000
746771,"Oranges, raw, navels",Fruits and Fruit Juices,[],0.4300,0.0430,11.8000,0.0001,52.0000,47.0000,2.0000,0.0003,0.0107,0.0000,0.0004,0.1400,0.0230,0.1660,0.9100,0.0090,0.0001,0.1500,0.0001,86.7000,0.0001
327501,"Oranges, raw, navels (Includes foods for USDA's Food Distribution Program)",Fruits and Fruit Juices,[],0.4300,0.0430,11.8000,0.0001,-1.0000,-1.0000,2.0000,0.0003,0.0107,0.0000,0.0004,0.1400,0.0230,0.1660,0.9100,0.0090,0.0001,0.1500,0.0001,86.7000,0.0001
2727577,"Pawpaw, peeled, seeded, raw",Fruits and Fruit Juices,[],0.4836,0.0099,-1.0000,0.0001,-1.0000,-1.0000,-1.0000,0.0001,0.0106,0.0000,-1.0000,0.1843,0.0234,0.2209,1.1519,0.0004,-1.0000,-1.0000,-1.0000,76.2500,0.0001
325430,"Peaches, yellow, raw",Fruits and Fruit Juices,[],0.4300,0.0040,10.1000,0.0001,46.0000,42.0000,1.5000,0.0003,0.0080,0.0000,0.0008,0.1500,0.0220,0.1220,0.9100,0.0130,0.0000,0.2700,0.0000,88.3000,0.0002
2262072,"Peanut butter, creamy",Legumes and Legume Products,[],2.7710,0.0499,22.7038,0.0005,631.6500,589.3830,6.3230,0.0019,0.1926,0.0017,0.0172,4.3940,0.3932,0.6540,23.9912,0.2207,0.0001,49.4300,0.0004,1.1040,0.0031
324860,"Peanut butter, smooth style, with salt",Legumes and Legume Products,[],2.9100,0.0490,22.3000,0.0004,639.0000,597.0000,4.8000,0.0017,0.1690,0.0017,0.0133,4.1100,0.3390,0.5640,22.5000,0.4290,0.0001,51.1000,0.0004,1.1800,0.0025
2515376,"Peanuts, raw",Legumes and Legume Products,[],2.2010,0.0491,26.4980,0.0005,588.3320,550.6218,8.0140,0.0016,0.1797,0.0017,-1.0000,4.2500,0.3804,0.6356,23.2050,0.0015,-1.0000,43.2800,-1.0000,4.8160,0.0028
2710836,"Pear, Anjou, green, with skin, raw",Fruits and Fruit Juices,[],0.2788,0.0100,14.7674,0.0001,63.6613,57.3204,2.6360,0.0000,0.0065,0.0001,-1.0000,0.0500,0.0123,0.1225,0.3125,0.0004,-1.0000,0.3713,-1.0000,84.2700,0.0001
746773,"Pears, raw, bartlett",Fruits and Fruit Juices,[],0.3000,0.0080,15.1000,0.0001,63.0000,57.0000,3.1000,0.0002,0.0057,0.0000,0.0002,0.0600,0.0100,0.0870,0.3800,0.0070,0.0000,0.1600,0.0000,84.1000,0.0001
332597,"Pears, raw, bartlett (Includes foods for USDA's Food Distribution Program)",Fruits and Fruit Juices,[],0.3000,0.0080,15.1000,0.0001,-1.0000,-1.0000,3.1000,0.0002,0.0057,0.0000,0.0002,0.0600,0.0100,0.0870,0.3800,0.0070,0.0000,0.1600,0.0000,84.1000,0.0001
2644291,"Peas, green, sweet, canned, sodium added, sugar added, drained and rinsed",Vegetables and Vegetable Products,[],0.8750,0.0282,12.7076,0.0001,80.1450,77.7989,-1.0000,0.0011,0.0219,0.0003,-1.0000,0.7575,0.0777,0.1092,4.7344,0.2074,-1.0000,1.1530,-1.0000,80.5300,0.0007
2258588,"Peppers, bell, green, raw",Vegetables and Vegetable Products,[],0.2806,0.0075,4.7781,0.0001,22.9291,19.6921,0.9419,0.0002,0.0090,0.0001,0.0006,0.1144,0.0168,0.1631,0.7150,0.0000,0.0000,0.1063,0.0002,94.1200,0.0001
2258591,"Peppers, bell, orange, raw",Vegetables and Vegetable Products,[],0.3794,0.0049,6.7031,0.0000,31.7404,27.3843,0.9674,0.0004,0.0104,0.0001,0.0011,0.1411,0.0266,0.2008,0.8819,0.0000,0.0001,0.1556,0.0003,91.8800,0.0002
2258590,"Peppers, bell, red, raw",Vegetables and Vegetable Products,[],0.3956,0.0064,6.6532,0.0000,31.3256,26.9884,1.1580,0.0004,0.0110,0.0001,0.0010,0.1433,0.0266,0.2127,0.8956,0.0000,0.0001,0.1256,0.0003,91.9300,0.0002
2258589,"Peppers, bell, yellow, raw",Vegetables and Vegetable Products,[],0.3778,0.0067,6.6017,0.0000,30.7743,26.5810,1.0710,0.0004,0.0103,0.0001,0.0009,0.1311,0.0248,0.1973,0.8194,0.0000,0.0000,0.1211,0.0003,92.0800,0.0002
324653,"Pickles, cucumber, dill or kosher dill",Vegetables and Vegetable Products,[],2.4400,0.0540,1.9900,0.0000,14.0000,12.0000,1.0000,0.0002,0.0071,0.0001,0.0001,0.0800,0.0160,0.1120,0.4800,0.8080,0.0000,0.4300,0.0000,94.7000,0.0001
2346398,"Pineapple, raw",Fruits and Fruit Juices,[],0.2463,0.0125,14.0915,0.0001,60.1113,54.0466,0.9346,0.0001,0.0134,0.0009,0.0002,0.0737,0.0054,0.1371,0.4609,0.0000,0.0001,0.2113,0.0001,84.9900,0.0001
2710843,"Plantains, overripe, raw",Fruits and Fruit Juices,[],0.9417,0.0039,29.1914,0.0001,130.3432,117.2961,1.7920,0.0003,0.0317,0.0002,-1.0000,0.1867,0.0289,0.4082,1.1669,0.0000,-1.0000,0.9900,0.0002,67.7100,0.0001
2710817,"Plantains, ripe, raw",Fruits and Fruit Juices,[],0.9383,0.0038,30.9521,0.0001,136.4733,122.7897,2.1250,0.0003,0.0339,0.0002,-1.0000,0.1850,0.0301,0.3956,1.1562,0.0000,-1.0000,0.8933,0.0002,66.0600,0.0001
2710818,"Plantains, underripe, raw",Fruits and Fruit Juices,[],0.9083,0.0048,33.5873,0.0001,145.4318,144.5080,2.5300,0.0003,0.0295,0.0002,-1.0000,0.1967,0.0279,0.4063,1.2294,0.0000,-1.0000,0.6850,0.0002,63.5900,0.0002
2710837,"Plum, black, with skin, raw",Fruits and Fruit Juices,[],0.7438,0.0040,13.4556,0.0001,58.6773,52.7471,1.3460,0.0000,0.0066,0.0000,-1.0000,0.0925,0.0186,0.1863,0.5781,0.0000,-1.0000,0.2825,-1.0000,84.9400,0.0000
2727576,"Pork, belly, with skin, raw",Pork Products,[],0.6550,0.0042,-0.7050,0.0000,380.4500,385.3623,-1.0000,0.0004,0.0122,0.0000,-1.0000,2.4320,0.1139,0.2079,15.2000,0.0497,-1.0000,35.8300,-1.0000,49.0200,0.0011
2727575,"Pork, chop, center cut, raw",Pork Products,[],1.0950,0.0041,-0.5625,0.0000,138.2750,144.6170,-1.0000,0.0004,0.0234,0.0000,-1.0000,3.6500,0.2023,0.3665,22.8125,0.0393,-1.0000,5.4750,-1.0000,71.1800,0.0013
749420,"Pork, cured, bacon, cooked, restaurant",Pork Products,[],6.3300,0.0130,2.1000,0.0001,501.0000,512.0000,-1.0000,0.0013,0.0365,0.0000,-1.0000,6.5400,0.4150,0.5570,40.9000,1.8300,-1.0000,36.5000,-1.0000,14.2000,0.0036
2514745,"Pork, ground, raw",Pork Products,[],0.9243,0.0059,0.0000,0.0001,228.2728,233.4421,-1.0000,0.0008,0.0190,0.0000,-1.0000,2.8490,0.1733,0.3177,17.8062,0.0536,-1.0000,17.4900,-1.0000,63.8700,0.0022
2646168,"Pork, loin, boneless, raw",Pork Products,[],1.0740,0.0041,0.0000,0.0000,167.7690,173.7231,-1.0000,0.0005,0.0220,0.0000,-1.0000,3.3790,0.1968,0.3612,21.1187,0.0402,-1.0000,9.4690,-1.0000,68.8200,0.0016
2646169,"Pork, loin, tenderloin, boneless, raw",Pork Products,[],1.1840,0.0045,0.0000,0.0001,119.0390,125.0212,-1.0000,0.0009,0.0247,0.0000,-1.0000,3.4530,0.2174,0.3974,21.5813,0.0414,-1.0000,3.8990,-1.0000,73.9300,0.0018
2346403,"Potatoes, gold, without skin, raw",Vegetables and Vegetable Products,[],0.8913,0.0059,15.9624,0.0001,73.4738,71.5752,-1.0000,0.0004,0.0223,0.0002,0.0016,0.2900,0.0570,0.4458,1.8125,0.0022,0.0001,0.2638,0.0001,81.0700,0.0004
2346402,"Potatoes, red, without skin, raw",Vegetables and Vegetable Products,[],0.9500,0.0051,16.2700,0.0001,75.5575,73.3734,-1.0000,0.0004,0.0236,0.0002,0.0015,0.3300,0.0556,0.4720,2.0625,0.0029,0.0001,0.2475,0.0001,80.4700,0.0004
2346401,"Potatoes, russet, without skin, raw",Vegetables and Vegetable Products,[],0.9850,0.0078,17.7712,0.0001,83.4200,80.9524,-1.0000,0.0004,0.0256,0.0002,0.0015,0.3638,0.0552,0.4501,2.2738,0.0027,0.0001,0.3600,0.0002,78.6100,0.0004
2346410,"Raspberries, raw",Fruits and Fruit Juices,[],0.3500,0.0164,12.9044,0.0001,57.3375,51.4124,-1.0000,0.0005,0.0192,0.0005,-1.0000,0.1613,0.0275,0.1558,1.0081,0.0000,-1.0000,0.1875,-1.0000,85.5500,0.0002
2263888,"Raspberries, raw",Fruits and Fruit Juices,[],0.3500,0.0164,12.9044,0.0001,57.3375,51.4124,-1.0000,0.0005,0.0192,0.0005,-1.0000,0.1613,0.0275,0.1558,1.0081,0.0000,-1.0000,0.1875,-1.0000,85.5500,0.0002
334536,"Restaurant, Chinese, fried rice, without meat",Restaurant Foods,[],1.1300,0.0110,32.5000,0.0001,174.0000,-1.0000,-1.0000,0.0005,0.0097,0.0004,-1.0000,0.6100,0.0440,0.0690,3.8400,0.3610,-1.0000,3.1900,-1.0000,59.3000,0.0007
746774,"Restaurant, Chinese, sweet and sour pork",Restaurant Foods,[],1.2500,0.0460,25.5000,0.0001,260.0000,-1.0000,1.0000,0.0031,0.0130,0.0002,0.0021,1.4200,0.1330,0.1520,8.8800,0.3040,0.0002,13.6000,0.0002,50.8000,0.0011
334462,"Restaurant, Chinese, sweet and sour pork",Restaurant Foods,[],1.2500,0.0460,25.5000,0.0001,-1.0000,-1.0000,1.0000,0.0031,0.0130,0.0002,0.0021,1.4200,0.1330,0.1520,8.8800,0.3040,0.0002,13.6000,0.0002,50.8000,0.0011
334720,"Restaurant, Latino, pupusas con frijoles (pupusas, bean)",Restaurant Foods,[],1.7400,0.0510,31.5000,0.0001,229.0000,-1.0000,5.8000,0.0015,0.0536,0.0003,0.0009,0.9000,0.1440,0.3050,5.5900,0.3050,0.0001,9.0100,0.0002,52.2000,0.0009
334628,"Restaurant, Latino, tamale, pork",Restaurant Foods,[],1.8200,0.0750,15.8000,0.0001,174.0000,-1.0000,2.4000,0.0009,0.0262,0.0002,0.0013,1.1800,0.1200,0.1520,7.3800,0.4730,0.0000,9.0400,0.0001,66.0000,0.0012
2710825,"Rice, black, unenriched, raw",Cereal Grains and Pasta,[],1.3450,0.0144,77.1882,0.0002,369.9700,360.5387,4.1790,0.0011,0.1134,0.0039,0.0083,1.2110,0.3067,0.2556,7.5687,0.0000,0.0003,3.4380,0.0002,10.4600,0.0017
2512380,"Rice, brown, long grain, unenriched, raw",Cereal Grains and Pasta,[],1.2830,0.0081,76.6880,0.0003,365.5180,368.3585,3.0210,0.0012,0.1150,0.0027,0.0063,1.2190,0.3028,0.2501,7.2530,0.0000,0.0003,3.3060,0.0002,11.4700,0.0019
2710838,"Rice, red, unenriched, dry, raw",Cereal Grains and Pasta,[],1.3330,0.0092,76.1545,0.0003,369.8280,360.0000,4.1980,0.0012,0.1255,0.0026,0.0067,1.3700,0.3139,0.2451,8.5625,0.0004,0.0003,3.4400,0.0001,10.5100,0.0026
2512381,"Rice, white, long grain, unenriched, raw",Cereal Grains and Pasta,[],0.4250,0.0045,80.3131,0.0002,358.7050,369.6373,0.1488,0.0001,0.0265,0.0010,0.0014,1.1830,0.1082,0.0823,7.0389,0.0005,0.0001,1.0330,0.0001,11.1900,0.0014
2727580,"Rutabaga, peeled, raw",Vegetables and Vegetable Products,[],0.6325,0.0420,-1.0000,0.0000,-1.0000,-1.0000,-1.0000,0.0001,0.0154,0.0001,-1.0000,0.1420,0.0389,0.2666,0.8875,0.0046,-1.0000,-1.0000,0.0002,88.6300,0.0002
321505,"Salt, table, iodized",Spices and Herbs,[],99.0000,0.0500,-1.0000,0.0000,-1.0000,-1.0000,-1.0000,0.0000,0.0000,0.0000,-1.0000,-1.0000,0.0000,0.0020,-1.0000,38.7000,-1.0000,-1.0000,-1.0000,0.4200,0.0000
746775,"Salt, table, iodized",Spices and Herbs,[],99.0000,0.0500,-1.0000,0.0000,0.0000,-1.0000,-1.0000,0.0000,0.0000,0.0000,-1.0000,-1.0000,0.0000,0.0020,-1.0000,38.7000,-1.0000,-1.0000,-1.0000,0.4200,0.0000
332282,"Sauce, pasta, spaghetti/marinara, ready-to-serve","Soups, Sauces, and Gravies",[],1.6600,0.0270,8.0500,0.0001,51.0000,45.0000,1.8000,0.0008,0.0185,0.0001,-1.0000,0.2300,0.0340,0.3190,1.4100,0.4190,-1.0000,1.4800,-1.0000,87.4000,0.0002
746777,"Sauce, salsa, ready-to-serve","Soups, Sauces, and Gravies",[],2.3000,0.0280,6.7400,0.0001,34.0000,29.0000,1.8000,0.0004,0.0152,0.0001,0.0011,0.2300,0.0320,0.2580,1.4400,0.6560,0.0000,0.1900,0.0002,89.3000,0.0002
324038,"Sauce, salsa, ready-to-serve","Soups, Sauces, and Gravies",[],2.3000,0.0280,6.7400,0.0001,-1.0000,-1.0000,1.8000,0.0004,0.0152,0.0001,0.0011,0.2300,0.0320,0.2580,1.4400,0.6560,0.0000,0.1900,0.0002,89.3000,0.0002
325658,"Sausage, Italian, pork, mild, cooked, pan-fried",Sausages and Luncheon Meats,[],2.6300,0.0120,2.1500,0.0001,-1.0000,-1.0000,-1.0000,0.0013,0.0186,0.0000,0.0057,2.9100,0.1450,0.3100,18.2000,0.7660,0.0003,26.2000,0.0003,50.9000,0.0024
746780,"Sausage, Italian, pork, mild, cooked, pan-fried",Sausages and Luncheon Meats,[],2.6300,0.0120,2.1500,0.0001,317.0000,322.0000,-1.0000,0.0013,0.0186,0.0000,0.0057,2.9100,0.1450,0.3100,18.2000,0.7660,0.0003,26.2000,0.0003,50.9000,0.0024
324157,"Sausage, breakfast sausage, beef, pre-cooked, unprepared",Sausages and Luncheon Meats,[],2.9700,0.0350,3.3700,0.0001,325.0000,329.0000,-1.0000,0.0016,0.0197,0.0002,0.0024,2.1300,0.1240,0.2630,13.3000,0.8660,0.0001,28.7000,0.0001,51.7000,0.0021
746779,"Sausage, breakfast sausage, beef, pre-cooked, unprepared",Sausages and Luncheon Meats,[],2.9700,0.0350,3.3700,0.0001,341.0000,346.0000,-1.0000,0.0016,0.0197,0.0002,0.0024,2.1300,0.1240,0.2630,13.3000,0.8660,0.0001,28.7000,0.0001,51.7000,0.0021
332864,"Sausage, pork, chorizo, link or ground, cooked, pan-fried",Sausages and Luncheon Meats,[],3.6600,0.0370,2.6300,0.0001,-1.0000,-1.0000,-1.0000,0.0023,0.0301,0.0002,0.0071,3.0900,0.2070,0.4350,19.3000,0.9830,0.0004,28.1000,0.0006,46.3000,0.0022
746781,"Sausage, pork, chorizo, link or ground, cooked, pan-fried",Sausages and Luncheon Meats,[],3.6600,0.0370,2.6300,0.0001,-1.0000,-1.0000,-1.0000,0.0023,0.0301,0.0002,0.0071,3.0900,0.2070,0.4350,19.3000,0.9830,0.0004,28.1000,0.0006,46.3000,0.0022
746783,"Sausage, turkey, breakfast links, mild, raw",Sausages and Luncheon Meats,[],2.3700,0.0320,0.9300,0.0001,164.0000,169.0000,-1.0000,0.0012,0.0189,0.0000,0.0050,2.6700,0.1780,0.3100,16.7000,0.5990,0.0000,10.4000,0.0003,69.6000,0.0026
325992,"Sausage, turkey, breakfast links, mild, raw",Sausages and Luncheon Meats,[],2.3700,0.0320,0.9300,0.0001,-1.0000,-1.0000,-1.0000,0.0012,0.0189,0.0000,0.0050,2.6700,0.1780,0.3100,16.7000,0.5990,0.0000,10.4000,0.0003,69.6000,0.0026
2515380,"Seeds, pumpkin seeds (pepitas), raw",Nut and Seed Products,[],4.7660,0.0374,18.6751,0.0012,554.6020,514.8392,5.0790,0.0084,0.4997,0.0041,-1.0000,5.6430,1.1500,0.6912,29.9079,0.0000,-1.0000,40.0300,-1.0000,6.6210,0.0063
325524,"Seeds, sunflower seed kernels, dry roasted, with salt added",Nut and Seed Products,[],4.3000,0.0780,17.1000,0.0018,657.0000,612.0000,10.3000,0.0052,0.3580,0.0029,0.0070,3.9600,0.7500,0.6890,21.0000,0.5320,0.0005,56.1000,0.0008,1.5000,0.0060
2515381,"Seeds, sunflower seed, kernel, raw",Nut and Seed Products,[],3.3130,0.1156,24.5007,0.0019,609.4560,570.6510,7.2150,0.0044,0.3019,0.0026,-1.0000,3.5610,0.7320,0.6568,18.8733,0.0000,-1.0000,48.4400,-1.0000,4.8730,0.0056
2262073,"Sesame butter, creamy",Nut and Seed Products,[],3.1100,0.1158,14.1790,0.0016,697.1376,648.3743,8.3720,0.0070,0.3568,0.0016,0.0058,3.7180,0.7193,0.4077,19.7054,0.0636,0.0010,62.4000,0.0006,0.6056,0.0060
2727586,"Shallots, bulb, peeled, root removed, raw",Vegetables and Vegetable Products,[],0.6319,0.0261,-1.0000,0.0001,-1.0000,-1.0000,-1.0000,0.0003,0.0151,0.0001,-1.0000,0.2204,0.0546,0.2515,1.3775,0.0036,-1.0000,-1.0000,0.0002,83.4700,0.0003
2710839,"Sorghum bran, white, unenriched, dry, raw",Cereal Grains and Pasta,[],3.4530,0.0617,68.6953,0.0008,402.7870,364.5032,34.9500,0.0142,0.2735,0.0038,0.0246,1.7870,0.5171,0.8515,11.1687,0.0029,0.0006,9.2590,0.0004,7.4240,0.0044
2710840,"Sorghum flour, white, pearled, unenriched, dry, raw",Cereal Grains and Pasta,[],1.1730,0.0079,73.5065,0.0002,364.0180,349.5580,3.2990,0.0022,0.1070,0.0012,0.0029,1.6340,0.2458,0.2739,10.2125,0.0000,0.0004,3.2380,0.0001,11.8700,0.0013
2710841,"Sorghum grain, white, pearled, unenriched, dry, raw",Cereal Grains and Pasta,[],1.1630,0.0075,74.8720,0.0002,369.8730,338.3897,3.9160,0.0020,0.1089,0.0012,0.0026,1.6400,0.2434,0.2739,10.2500,0.0000,0.0004,3.2650,0.0001,10.4500,0.0013
2710842,"Sorghum, whole grain, white, dry, raw",Cereal Grains and Pasta,[],1.5060,0.0149,73.5738,0.0003,372.5910,340.9892,8.2740,0.0039,0.1360,0.0015,0.0061,1.6130,0.2941,0.3671,10.0813,0.0003,0.0005,4.2190,0.0002,10.6200,0.0018
2257044,"Soy milk, sweetened, plain, refrigerated",Legumes and Legume Products,[],0.7500,0.1548,2.9961,0.0001,40.7050,-1.0000,0.0000,0.0004,0.0175,0.0002,0.0001,0.4443,0.0460,0.1179,2.7769,0.0394,0.0000,1.9570,0.0000,91.5200,0.0003
1999630,"Soy milk, unsweetened, plain, shelf stable",Legumes and Legume Products,[],0.6350,0.1010,1.2931,0.0001,38.4850,38.4850,0.0000,0.0005,0.0215,0.0002,0.0002,0.5675,0.0687,0.1582,3.5469,0.0343,0.0001,2.1250,0.0001,92.4000,0.0003
1750337,"Soy milk, unsweetened, plain, shelf stable",Legumes and Legume Products,[],0.6350,0.1010,1.2931,0.0001,38.4850,38.4850,0.0000,0.0005,0.0215,0.0002,0.0002,0.5675,0.0687,0.1582,3.5469,0.0343,0.0001,2.1250,0.0001,92.4000,0.0003
1999632,"Spinach, baby",Vegetables and Vegetable Products,[],1.6030,0.0683,2.4063,0.0001,26.6020,20.7285,1.5580,0.0013,0.0929,0.0005,0.0006,0.4563,0.0391,0.5818,2.8519,0.1114,0.0001,0.6188,0.0002,92.5200,0.0004
1750352,"Spinach, baby",Vegetables and Vegetable Products,[],1.6030,0.0683,2.4063,0.0001,26.6020,20.7285,1.5580,0.0013,0.0929,0.0005,0.0006,0.4563,0.0391,0.5818,2.8519,0.1114,0.0001,0.6188,0.0002,92.5200,0.0004
1999633,"Spinach, mature",Vegetables and Vegetable Products,[],1.4180,0.0666,2.6414,0.0001,27.6300,21.5797,1.5880,0.0011,0.0930,0.0004,0.0005,0.4650,0.0406,0.4597,2.9062,0.1066,0.0001,0.6044,0.0002,92.4300,0.0004
1750353,"Spinach, mature",Vegetables and Vegetable Products,[],1.4180,0.0666,2.6414,0.0001,27.6300,21.5797,1.5880,0.0011,0.0930,0.0004,0.0005,0.4650,0.0406,0.4597,2.9062,0.1066,0.0001,0.6044,0.0002,92.4300,0.0004
2727578,"Squash, pie pumpkin, peeled, seeded, raw",Vegetables and Vegetable Products,[],0.9802,0.0164,-1.0000,0.0001,-1.0000,-1.0000,-1.0000,0.0001,0.0128,0.0000,-1.0000,0.1367,0.0223,0.4721,0.8544,0.0003,-1.0000,-1.0000,-1.0000,90.5700,0.0001
2727579,"Squash, spaghetti, peeled, seeded, raw",Vegetables and Vegetable Products,[],0.5881,0.0166,-1.0000,0.0001,-1.0000,-1.0000,-1.0000,0.0000,0.0133,0.0001,-1.0000,0.1267,0.0170,0.2669,0.7919,0.0003,-1.0000,-1.0000,0.0001,92.7800,0.0001
2685568,"Squash, summer, green, zucchini, includes skin, raw",Vegetables and Vegetable Products,[],0.5400,0.0209,3.2700,0.0001,19.0000,16.0000,0.7525,0.0002,0.0153,0.0001,-1.0000,0.1575,0.0329,0.2258,0.9844,0.0000,-1.0000,0.2050,-1.0000,95.0100,0.0003
2685569,"Squash, summer, yellow, includes skin, raw",Vegetables and Vegetable Products,[],0.5275,0.0227,4.3900,0.0001,22.0000,19.0000,0.9563,0.0001,0.0168,0.0002,-1.0000,0.1425,0.0307,0.2205,0.8906,0.0000,-1.0000,0.1350,-1.0000,94.0500,0.0002
2685571,"Squash, winter, acorn, raw",Vegetables and Vegetable Products,[],0.8675,0.0248,10.4800,0.0001,48.5625,41.9911,2.6350,0.0003,0.0238,0.0002,-1.0000,0.2000,0.0420,0.3321,1.2500,0.0000,-1.0000,0.1825,-1.0000,87.2200,0.0003
2685570,"Squash, winter, butternut, raw",Vegetables and Vegetable Products,[],0.8563,0.0217,10.5075,0.0001,48.1323,41.7165,1.9590,0.0002,0.0149,0.0001,-1.0000,0.1838,0.0265,0.3291,1.1487,0.0000,-1.0000,0.1675,-1.0000,87.3200,0.0002
2263887,"Strawberries, raw",Fruits and Fruit Juices,[],0.3450,0.0169,7.9644,0.0000,36.4000,32.6656,-1.0000,0.0003,0.0125,0.0004,-1.0000,0.1025,0.0230,0.1607,0.6406,0.0000,-1.0000,0.2200,-1.0000,90.8300,0.0001
2346409,"Strawberries, raw",Fruits and Fruit Juices,[],0.3450,0.0169,7.9644,0.0000,36.4000,32.6656,-1.0000,0.0003,0.0125,0.0004,-1.0000,0.1025,0.0230,0.1607,0.6406,0.0000,-1.0000,0.2200,-1.0000,90.8300,0.0001
327699,"Strawberries, raw",Fruits and Fruit Juices,[],0.4100,0.0120,7.6300,0.0001,-1.0000,-1.0000,1.8000,0.0003,0.0118,0.0003,0.0004,0.1000,0.0200,0.0890,0.6400,0.0100,0.0000,0.2200,0.0000,91.1000,0.0002
747448,"Strawberries, raw",Fruits and Fruit Juices,[],0.4100,0.0120,7.6300,0.0001,35.0000,31.0000,1.8000,0.0003,0.0118,0.0003,0.0004,0.1000,0.0200,0.0890,0.6400,0.0100,0.0000,0.2200,0.0000,91.1000,0.0002
334247,"Sugars, granulated",Sweets,[],0.0700,0.0010,99.6000,0.0000,-1.0000,-1.0000,-1.0000,0.0001,0.0003,0.0000,-1.0000,0.0000,0.0000,0.0020,0.0000,0.0010,-1.0000,0.3200,-1.0000,0.0200,0.0000
746784,"Sugars, granulated",Sweets,[],0.0700,0.0010,99.6000,0.0000,401.0000,385.0000,-1.0000,0.0001,0.0003,0.0000,-1.0000,0.0000,0.0000,0.0020,0.0000,0.0010,-1.0000,0.3200,-1.0000,0.0200,0.0000
2346404,"Sweet potatoes, orange flesh, without skin, raw",Vegetables and Vegetable Products,[],1.1790,0.0223,17.3279,0.0002,78.9990,77.3573,-1.0000,0.0004,0.0191,0.0004,0.0004,0.2525,0.0367,0.4864,1.5781,0.0000,0.0000,0.3750,0.0001,79.5400,0.0003
2727582,"Tomatillos, dehusked, raw",Vegetables and Vegetable Products,[],0.5044,0.0071,-1.0000,0.0001,-1.0000,-1.0000,-1.0000,0.0002,0.0135,0.0001,-1.0000,0.1703,0.0242,0.2391,1.0644,0.0003,-1.0000,-1.0000,-1.0000,92.6400,0.0002
2003596,"Tomato juice, with added ingredients, from concentrate, shelf stable",Vegetables and Vegetable Products,[],0.9325,0.0097,4.3206,0.0001,23.3075,19.9279,-1.0000,0.0003,0.0104,0.0001,0.0001,0.1375,0.0185,0.1976,0.8594,0.2356,0.0000,0.2875,0.0001,93.6000,0.0001
2685580,"Tomato, paste, canned, without salt added",Vegetables and Vegetable Products,[],2.9150,0.0369,20.1881,0.0003,104.2825,88.5345,4.7040,0.0032,0.0496,0.0003,-1.0000,0.6775,0.0912,0.9716,4.2344,0.0612,-1.0000,0.7325,-1.0000,71.9300,0.0005
2685582,"Tomato, puree, canned",Vegetables and Vegetable Products,[],1.0100,0.0176,8.0369,0.0001,40.8450,34.7603,1.9710,0.0012,0.0193,0.0001,-1.0000,0.2525,0.0341,0.4164,1.5781,0.0294,-1.0000,0.2650,-1.0000,89.1100,0.0002
1750354,"Tomato, roma",Vegetables and Vegetable Products,[],0.3119,0.0100,3.8375,0.0000,21.9574,18.9544,0.9706,0.0001,0.0081,0.0001,0.0005,0.1113,0.0191,0.1928,0.6956,0.0000,0.0001,0.4250,0.0001,94.7300,0.0001
1999634,"Tomato, roma",Vegetables and Vegetable Products,[],0.3119,0.0100,3.8375,0.0000,21.9574,18.9544,0.9706,0.0001,0.0081,0.0001,0.0005,0.1113,0.0191,0.1928,0.6956,0.0000,0.0001,0.4250,0.0001,94.7300,0.0001
2685579,"Tomato, sauce, canned, with salt added",Vegetables and Vegetable Products,[],1.7240,0.0171,6.3316,0.0001,34.1765,29.1040,1.6360,0.0011,0.0187,0.0001,-1.0000,0.2163,0.0292,0.3555,1.3519,0.4169,-1.0000,0.3825,-1.0000,90.2100,0.0002
333281,"Tomatoes, canned, red, ripe, diced",Vegetables and Vegetable Products,[],0.7400,0.0300,3.3200,0.0001,21.0000,18.0000,-1.0000,0.0006,0.0098,0.0001,-1.0000,0.1400,0.0180,0.1980,0.8400,0.1250,-1.0000,0.5000,-1.0000,94.6000,0.0001
2685581,"Tomatoes, crushed, canned",Vegetables and Vegetable Products,[],1.0880,0.0192,7.1370,0.0001,37.8755,32.3137,1.9440,0.0023,0.0186,0.0002,-1.0000,0.2300,0.0329,0.3456,1.4375,0.1398,-1.0000,0.3975,-1.0000,89.9400,0.0002
321360,"Tomatoes, grape, raw",Vegetables and Vegetable Products,[],0.5600,0.0110,5.5100,0.0001,31.0000,27.0000,2.1000,0.0003,0.0119,0.0001,0.0008,0.1300,0.0280,0.2600,0.8300,0.0060,0.0001,0.6300,0.0001,92.5000,0.0002
2685578,"Tomatoes, whole, canned, solids and liquids, with salt added",Vegetables and Vegetable Products,[],0.7088,0.0198,4.2874,0.0001,22.4763,19.1494,0.8725,0.0009,0.0108,0.0001,-1.0000,0.1388,0.0173,0.2029,0.8675,0.1115,-1.0000,0.2063,-1.0000,93.9300,0.0001
330869,"Turkey, ground, 93% lean, 7% fat, pan-broiled crumbles",Poultry Products,[],1.2700,0.0310,0.0000,0.0002,-1.0000,-1.0000,-1.0000,0.0016,0.0291,0.0000,0.0081,4.3400,0.2590,0.3040,27.1000,0.0900,0.0001,11.6000,0.0005,61.1000,0.0038
746785,"Turkey, ground, 93% lean, 7% fat, pan-broiled crumbles",Poultry Products,[],1.2700,0.0310,0.0000,0.0002,213.0000,220.0000,-1.0000,0.0016,0.0291,0.0000,0.0081,4.3400,0.2590,0.3040,27.1000,0.0900,0.0001,11.6000,0.0005,61.1000,0.0038
2514747,"Turkey, ground, 93% lean/ 7% fat, raw",Poultry Products,[],0.9450,0.0236,0.0000,0.0001,152.6150,157.5897,-1.0000,0.0011,0.0173,0.0000,-1.0000,2.7750,0.1620,0.2463,17.3438,0.0802,-1.0000,9.5910,-1.0000,72.8900,0.0030
2710821,"Wild rice, dry, raw",Cereal Grains and Pasta,[],1.4110,0.0080,75.6695,0.0005,369.1640,358.5526,4.2600,0.0015,0.1085,0.0013,0.0069,2.0460,0.3549,0.2988,12.7875,0.0010,0.0003,1.7040,0.0004,8.4280,0.0058
330137,"Yogurt, Greek, plain, nonfat",Dairy and Egg Products,[],0.7200,0.1110,3.6400,0.0000,59.0000,61.0000,-1.0000,0.0001,0.0107,0.0000,0.0002,1.6100,0.1360,0.1410,10.3000,0.0360,0.0000,0.3700,0.0001,85.0000,0.0005
2259794,"Yogurt, Greek, plain, whole milk",Dairy and Egg Products,[],0.7531,0.1109,4.7540,0.0000,93.6776,94.5071,-1.0000,0.0000,0.0107,0.0000,0.0002,1.3760,0.1259,0.1469,8.7789,0.0338,0.0001,4.3940,0.0000,81.3200,0.0005
330415,"Yogurt, Greek, strawberry, nonfat",Dairy and Egg Products,[],0.5900,0.0970,12.2000,0.0000,82.0000,83.0000,0.6000,0.0001,0.0104,0.0000,0.0002,-1.0000,0.1130,0.1330,8.0600,0.0320,-1.0000,0.1500,0.0001,79.0000,0.0005
2647437,"Yogurt, plain, nonfat",Dairy and Egg Products,[],1.0390,0.1674,8.0768,0.0000,50.0015,50.0744,-1.0000,0.0000,0.0152,0.0000,-1.0000,0.6625,0.1270,0.2105,4.2268,0.0515,-1.0000,0.0875,-1.0000,86.5700,0.0006
2259793,"Yogurt, plain, whole milk",Dairy and Egg Products,[],0.8469,0.1268,5.5749,0.0000,77.9524,77.3185,-1.0000,0.0000,0.0115,0.0000,0.0001,0.5994,0.1012,0.1641,3.8242,0.0418,0.0001,4.4840,0.0000,85.2700,0.0004
